"STATION","NAME","LATITUDE","LONGITUDE","ELEVATION","DATE","PRCP","PRCP_ATTRIBUTES","SN31","SN31_ATTRIBUTES","SN32","SN32_ATTRIBUTES","SNOW","SNOW_ATTRIBUTES","SNWD","SNWD_ATTRIBUTES","SX31","SX31_ATTRIBUTES","SX32","SX32_ATTRIBUTES","TMAX","TMAX_ATTRIBUTES","TMIN","TMIN_ATTRIBUTES","TOBS","TOBS_ATTRIBUTES","WESF","WESF_ATTRIBUTES","WT01","WT01_ATTRIBUTES","WT03","WT03_ATTRIBUTES","WT04","WT04_ATTRIBUTES","WT06","WT06_ATTRIBUTES"
"USC00231801","COLUMBIA U OF M, MO US","38.94243","-92.32044","234.7","2024-01-01","0.0",",,7,0700","1.7",",,7","2.8",",,7","0.0",",,7,0700","0.0",",,7,0700","3.9",",,7","4.4",",,7","0.0",",,7","-3.9",",,7","-3.3",",,7,",,,,,,,,,,
"USC00231801","COLUMBIA U OF M, MO US","38.94243","-92.32044","234.7","2024-01-02","0.0",",,7,0700","1.1",",,7","1.7",",,7","0.0",",,7,0700","0.0",",,7,0700","1.7",",,7","2.8",",,7","6.7",",,7","-5.0",",,7","0.6",",,7,",,,,,,,,,,
"USC00231801","COLUMBIA U OF M, MO US","38.94243","-92.32044","234.7","2024-01-03","0.0",",,7,0700","1.1",",,7","1.7",",,7","0.0",",,7,0700","0.0",",,7,0700","2.2",",,7","2.2",",,7","2.2",",,7","-4.4",",,7","-3.3",",,7,",,,,,,,,,,
"USC00231801","COLUMBIA U OF M, MO US","38.94243","-92.32044","234.7","2024-01-04","0.0",",,7,0700","1.1",",,7","1.7",",,7","0.0",",,7,0700","0.0",",,7,0700","2.8",",,7","2.8",",,7","5.0",",,7","-3.9",",,7","-0.6",",,7,",,,,,,,,,,
"USC00231801","COLUMBIA U OF M, MO US","38.94243","-92.32044","234.7","2024-01-05","0.0",",,7,0700","1.1",",,7","1.7",",,7","0.0",",,7,0700","0.0",",,7,0700","1.7",",,7","2.2",",,7","2.8",",,7","-2.2",",,7","0.0",",,7,",,,,,,,,,,
"USC00231801","COLUMBIA U OF M, MO US","38.94243","-92.32044","234.7","2024-01-06","1.5",",,7,0700","1.7",",,7","1.7",",,7","0.0","T,,7,0700","0.0","T,,7,0700","2.8",",,7","2.8",",,7","1.7",",,7","0.0",",,7","0.6",",,7,",,,,,,,,,,
"USC00231801","COLUMBIA U OF M, MO US","38.94243","-92.32044","234.7","2024-01-07","0.0","T,,7,0700","1.7",",,7","2.2",",,7","0.0","T,,7,0700","0.0",",,7,0700","4.4",",,7","3.9",",,7","3.3",",,7","-0.6",",,7","0.0",",,7,",,,,,,,,,,
"USC00231801","COLUMBIA U OF M, MO US","38.94243","-92.32044","234.7","2024-01-08","0.0",",,7,0700","1.1",",,7","1.7",",,7","0.0",",,7,0700","0.0",",,7,0700","1.7",",,7","2.2",",,7","3.9",",,7","0.0",",,7","1.1",",,7,",,,,,,,,,,
"USC00231801","COLUMBIA U OF M, MO US","38.94243","-92.32044","234.7","2024-01-09","20.3",",,7,0700","1.1",",,7","1.7",",,7","43.0",",,7,0700","51.0",",,7,0700","1.1",",,7","1.7",",,7","1.7",",,7","-2.8",",,7","-2.8",",,7,",,,,,,,,,,
"USC00231801","COLUMBIA U OF M, MO US","38.94243","-92.32044","234.7","2024-01-10","1.8",",,7,0700","1.1",",,7","1.7",",,7","25.0",",,7,0700","76.0",",,7,0700","1.7",",,7","1.7",",,7","4.4",",,7","-6.7",",,7","2.2",",,7,",,,,,,,,,,
"USC00231801","COLUMBIA U OF M, MO US","38.94243","-92.32044","234.7","2024-01-11","0.0",",,7,0700","1.1",",,7","1.7",",,7","0.0",",,7,0700","51.0",",,7,0700","2.2",",,7","2.2",",,7","4.4",",,7","-1.1",",,7","4.4",",,7,",,,,,,,,,,
"USC00231801","COLUMBIA U OF M, MO US","38.94243","-92.32044","234.7","2024-01-12","0.5",",,7,0700","1.1",",,7","1.7",",,7","0.0",",,7,0700","0.0",",,7,0700","2.2",",,7","2.8",",,7","4.4",",,7","-11.7",",,7","-11.1",",,7,",,,"    1",",,7",,,,,,
"USC00231801","COLUMBIA U OF M, MO US","38.94243","-92.32044","234.7","2024-01-13","0.8",",,7,0700","0.6",",,7","1.1",",,7","5.0",",,7,0700","0.0","T,,7,0700","1.1",",,7","1.7",",,7","-11.1",",,7","-20.6",",,7","-20.6",",,7,",,,,,,,,,,
"USC00231801","COLUMBIA U OF M, MO US","38.94243","-92.32044","234.7","2024-01-14","0.5",",,7,0700","-1.1",",,7","0.0",",,7","5.0",",,7,0700","0.0","T,,7,0700","0.6",",,7","1.1",",,7","-19.4",",,7","-23.9",",,7","-20.6",",,7,",,,,,,,,,,
"USC00231801","COLUMBIA U OF M, MO US","38.94243","-92.32044","234.7","2024-01-15","0.0",",,7,0700","-2.2",",,7","-0.6",",,7","0.0",",,7,0700","0.0","T,,7,0700","-1.1",",,7","0.0",",,7","-15.6",",,7","-22.8",",,7","-16.7",",,7,",,,,,,,,,,
"USC00231801","COLUMBIA U OF M, MO US","38.94243","-92.32044","234.7","2024-01-16","1.0",",,7,0700","-1.7",",,7","-1.1",",,7","25.0",",,7,0700","25.0",",,7,0700","-1.1",",,7","-0.6",",,7","-11.7",",,7","-20.6",",,7","-13.3",",,7,",,,,,,,,,,
"USC00231801","COLUMBIA U OF M, MO US","38.94243","-92.32044","234.7","2024-01-17","0.0",",,7,0700","-1.7",",,7","-1.1",",,7","0.0",",,7,0700","25.0",",,7,0700","-0.6",",,7","-0.6",",,7","3.3",",,7","-13.3",",,7","0.0",",,7,",,,,,,,,,,
"USC00231801","COLUMBIA U OF M, MO US","38.94243","-92.32044","234.7","2024-01-18","0.0",",,7,0700","-0.6",",,7","-0.6",",,7","0.0",",,7,0700","0.0","T,,7,0700","0.0",",,7","0.0",",,7","3.9",",,7","-6.7",",,7","-6.7",",,7,",,,,,,,,,,
"USC00231801","COLUMBIA U OF M, MO US","38.94243","-92.32044","234.7","2024-01-19","0.5",",,7,0700","-1.7",",,7","-0.6",",,7","10.0",",,7,0700","0.0","T,,7,0700","0.0",",,7","0.0",",,7","-6.7",",,7","-16.1",",,7","-16.1",",,7,",,,,,,,,,,
"USC00231801","COLUMBIA U OF M, MO US","38.94243","-92.32044","234.7","2024-01-20","0.0",",,7,0700","-2.8",",,7","-1.1",",,7","0.0",",,7,0700","0.0","T,,7,0700","-1.1",",,7","-0.6",",,7","-9.4",",,7","-19.4",",,7","-14.4",",,7,",,,,,,,,,,
"USC00231801","COLUMBIA U OF M, MO US","38.94243","-92.32044","234.7","2024-01-21","0.0",",,7,0700","-2.8",",,7","-1.7",",,7","0.0",",,7,0700","0.0","T,,7,0700","-0.6",",,7","-0.6",",,7","0.6",",,7","-14.4",",,7","-0.6",",,7,",,,,,,,,,,
"USC00231801","COLUMBIA U OF M, MO US","38.94243","-92.32044","234.7","2024-01-22","4.1",",,7,0700","-0.6",",,7","-0.6",",,7","3.0",",,7,0700","0.0","T,,7,0700","0.0",",,7","0.0",",,7","2.2",",,7","-2.2",",,7","1.1",",,7,",,,,,,,,,"    1",",,7"
"USC00231801","COLUMBIA U OF M, MO US","38.94243","-92.32044","234.7","2024-01-23","15.5",",,7,0700","0.0",",,7","0.0",",,7","0.0",",,7,0700","0.0",",,7,0700","0.0",",,7","0.0",",,7","5.0",",,7","1.1",",,7","3.3",",,7,",,,"    1",",,7",,,,,,
"USC00231801","COLUMBIA U OF M, MO US","38.94243","-92.32044","234.7","2024-01-24","8.4",",,7,0700","0.0",",,7","0.0",",,7","0.0",",,7,0700","0.0",",,7,0700","0.0",",,7","0.0",",,7","6.7",",,7","2.2",",,7","3.3",",,7,",,,"    1",",,7",,,,,,
"USC00231801","COLUMBIA U OF M, MO US","38.94243","-92.32044","234.7","2024-01-25","0.3",",,7,0700","0.0",",,7","0.0",",,7","0.0",",,7,0700","0.0",",,7,0700","1.1",",,7","0.0",",,7","5.0",",,7","2.2",",,7","2.8",",,7,",,,"    1",",,7",,,,,,
"USC00231801","COLUMBIA U OF M, MO US","38.94243","-92.32044","234.7","2024-01-26","10.7",",,7,0700","0.6",",,7","0.0",",,7","0.0",",,7,0700","0.0",",,7,0700","2.2",",,7","1.7",",,7","4.4",",,7","1.7",",,7","1.7",",,7,",,,"    1",",,7",,,,,,
"USC00231801","COLUMBIA U OF M, MO US","38.94243","-92.32044","234.7","2024-01-27","0.0","T,,7,0700","0.6",",,7","1.1",",,7","0.0",",,7,0700","0.0",",,7,0700","2.8",",,7","2.2",",,7","3.9",",,7","1.1",",,7","2.2",",,7,",,,"    1",",,7",,,,,,
"USC00231801","COLUMBIA U OF M, MO US","38.94243","-92.32044","234.7","2024-01-28","0.5",",,7,0700","1.1",",,7","1.1",",,7","0.0",",,7,0700","0.0",",,7,0700","2.8",",,7","2.8",",,7","2.8",",,7","-2.2",",,7","-2.2",",,7,",,,,,,,,,,
"USC00231801","COLUMBIA U OF M, MO US","38.94243","-92.32044","234.7","2024-01-29","0.0",",,7,0700","0.6",",,7","1.1",",,7","0.0",",,7,0700","0.0",",,7,0700","5.0",",,7","2.8",",,7","14.4",",,7","-5.0",",,7","7.8",",,7,",,,,,,,,,,
"USC00231801","COLUMBIA U OF M, MO US","38.94243","-92.32044","234.7","2024-01-30","0.0",",,7,0700","1.7",",,7","2.2",",,7","0.0",",,7,0700","0.0",",,7,0700","6.7",",,7","5.0",",,7","8.3",",,7","2.8",",,7","3.9",",,7,",,,,,,,,,,
"USC00231801","COLUMBIA U OF M, MO US","38.94243","-92.32044","234.7","2024-01-31","0.0",",,7,0700","1.1",",,7","1.7",",,7","0.0",",,7,0700","0.0",",,7,0700","7.2",",,7","5.0",",,7","12.8",",,7","-2.2",",,7","8.9",",,7,",,,,,,,,,,
"USC00231801","COLUMBIA U OF M, MO US","38.94243","-92.32044","234.7","2024-02-01","0.0",",,7,0700","2.2",",,7","2.8",",,7","0.0",",,7,0700","0.0",",,7,0700","10.0",",,7","7.8",",,7","20.0",",,7","4.4",",,7","11.7",",,7,",,,,,,,,,,
"USC00231801","COLUMBIA U OF M, MO US","38.94243","-92.32044","234.7","2024-02-02","0.0",",,7,0700","5.6",",,7","5.6",",,7","0.0",",,7,0700","0.0",",,7,0700","10.6",",,7","8.3",",,7","11.7",",,7","5.0",",,7","5.6",",,7,",,,,,,,,,,
"USC00231801","COLUMBIA U OF M, MO US","38.94243","-92.32044","234.7","2024-02-03","0.0",",,7,0700","5.6",",,7","5.6",",,7","0.0",",,7,0700","0.0",",,7,0700","10.0",",,7","8.3",",,7","16.1",",,7","3.9",",,7","7.2",",,7,",,,,,,,,,,
"USC00231801","COLUMBIA U OF M, MO US","38.94243","-92.32044","234.7","2024-02-04","0.0",",,7,0700","4.4",",,7","5.6",",,7","0.0",",,7,0700","0.0",",,7,0700","8.3",",,7","7.2",",,7","10.6",",,7","2.8",",,7","4.4",",,7,",,,,,,,,,,
"USC00231801","COLUMBIA U OF M, MO US","38.94243","-92.32044","234.7","2024-02-05","0.0",",,7,0700","2.2",",,7","3.3",",,7","0.0",",,7,0700","0.0",",,7,0700","8.9",",,7","7.2",",,7","13.3",",,7","0.6",",,7","0.6",",,7,",,,,,,,,,,
"USC00231801","COLUMBIA U OF M, MO US","38.94243","-92.32044","234.7","2024-02-06","0.0",",,7,0700","1.7",",,7","2.8",",,7","0.0",",,7,0700","0.0",",,7,0700","9.4",",,7","7.2",",,7","14.4",",,7","-3.9",",,7","7.2",",,7,",,,,,,,,,,
"USC00231801","COLUMBIA U OF M, MO US","38.94243","-92.32044","234.7","2024-02-07","0.0",",,7,0700","3.3",",,7","3.9",",,7","0.0",",,7,0700","0.0",",,7,0700","9.4",",,7","7.8",",,7","17.2",",,7","4.4",",,7","11.1",",,7,",,,,,,,,,,
"USC00231801","COLUMBIA U OF M, MO US","38.94243","-92.32044","234.7","2024-02-08","0.0",",,7,0700","5.6",",,7","5.6",",,7","0.0",",,7,0700","0.0",",,7,0700","12.2",",,7","10.0",",,7","21.7",",,7","9.4",",,7","11.7",",,7,",,,,,,,,,,
"USC00231801","COLUMBIA U OF M, MO US","38.94243","-92.32044","234.7","2024-02-09","0.0",",,7,0700","4.4",",,7","5.0",",,7","0.0",",,7,0700","0.0",",,7,0700","11.7",",,7","9.4",",,7","18.9",",,7","4.4",",,7","7.2",",,7,",,,,,,,,,,
"USC00231801","COLUMBIA U OF M, MO US","38.94243","-92.32044","234.7","2024-02-10","0.0",",,7,0700","3.3",",,7","4.4",",,7","0.0",",,7,0700","0.0",",,7,0700","8.3",",,7","7.8",",,7","7.2",",,7","1.1",",,7","1.1",",,7,",,,,,,,,,,
"USC00231801","COLUMBIA U OF M, MO US","38.94243","-92.32044","234.7","2024-02-11","0.0",",,7,0700","2.2",",,7","3.3",",,7","0.0",",,7,0700","0.0",",,7,0700","6.1",",,7","6.1",",,7","5.6",",,7","-1.7",",,7","1.7",",,7,",,,,,,,,,,
"USC00231801","COLUMBIA U OF M, MO US","38.94243","-92.32044","234.7","2024-02-12","0.0",",,7,0700","2.2",",,7","3.3",",,7","0.0",",,7,0700","0.0",",,7,0700","7.8",",,7","6.1",",,7","10.0",",,7","0.0",",,7","2.8",",,7,",,,,,,,,,,
"USC00231801","COLUMBIA U OF M, MO US","38.94243","-92.32044","234.7","2024-02-13","0.0",",,7,0700","1.7",",,7","2.8",",,7","0.0",",,7,0700","0.0",",,7,0700","9.4",",,7","7.2",",,7","16.1",",,7","-2.8",",,7","7.2",",,7,",,,,,,,,,,
"USC00231801","COLUMBIA U OF M, MO US","38.94243","-92.32044","234.7","2024-02-14","0.0",",,7,0700","2.2",",,7","3.3",",,7","0.0",",,7,0700","0.0",",,7,0700","11.1",",,7","8.3",",,7","17.2",",,7","0.0",",,7","12.2",",,7,",,,,,,,,,,
"USC00231801","COLUMBIA U OF M, MO US","38.94243","-92.32044","234.7","2024-02-15","0.0","T,,7,0700","5.0",",,7","5.6",",,7","0.0",",,7,0700","0.0",",,7,0700","10.6",",,7","8.9",",,7","12.2",",,7","3.9",",,7","3.9",",,7,",,,,,,,,,,
"USC00231801","COLUMBIA U OF M, MO US","38.94243","-92.32044","234.7","2024-02-16","0.5",",,7,0700","2.2",",,7","3.3",",,7","0.0","T,,7,0700","0.0","T,,7,0700","5.0",",,7","5.6",",,7","3.9",",,7","-4.4",",,7","-4.4",",,7,",,,,,,,"    1",",,7",,
"USC00231801","COLUMBIA U OF M, MO US","38.94243","-92.32044","234.7","2024-02-17","4.3",",,7,0700","1.7",",,7","2.8",",,7","51.0",",,7,0700","51.0",",,7,0700","3.9",",,7","3.3",",,7","-2.8",",,7","-10.6",",,7","-3.3",",,7,",,,,,,,,,,
"USC00231801","COLUMBIA U OF M, MO US","38.94243","-92.32044","234.7","2024-02-18","0.0",",,7,0700","1.1",",,7","2.2",",,7","0.0",",,7,0700","0.0",",,7,0700","6.7",",,7","4.4",",,7","10.0",",,7","-3.9",",,7","-1.1",",,7,",,,,,,,,,,
"USC00231801","COLUMBIA U OF M, MO US","38.94243","-92.32044","234.7","2024-02-19","0.0",",,7,0700","1.1",",,7","1.7",",,7","0.0",",,7,0700","0.0",",,7,0700","9.4",",,7","6.1",",,7","13.9",",,7","-4.4",",,7","1.7",",,7,",,,,,,,,,,
"USC00231801","COLUMBIA U OF M, MO US","38.94243","-92.32044","234.7","2024-02-20","0.0",",,7,0700","1.7",",,7","2.2",",,7","0.0",",,7,0700","0.0",",,7,0700","11.7",",,7","8.3",",,7","18.3",",,7","1.1",",,7","10.0",",,7,",,,,,,,,,,
"USC00231801","COLUMBIA U OF M, MO US","38.94243","-92.32044","234.7","2024-02-21","0.0",",,7,0700","3.3",",,7","3.9",",,7","0.0",",,7,0700","0.0",",,7,0700","12.8",",,7","10.0",",,7","21.7",",,7","6.1",",,7","13.3",",,7,",,,,,,,,,,
"USC00231801","COLUMBIA U OF M, MO US","38.94243","-92.32044","234.7","2024-02-22","0.0",",,7,0700","7.2",",,7","7.2",",,7","0.0",",,7,0700","0.0",",,7,0700","13.3",",,7","11.1",",,7","19.4",",,7","8.3",",,7","10.0",",,7,",,,,,,,,,,
"USC00231801","COLUMBIA U OF M, MO US","38.94243","-92.32044","234.7","2024-02-23","0.0",",,7,0700","4.4",",,7","5.6",",,7","0.0",",,7,0700","0.0",",,7,0700","12.2",",,7","10.0",",,7","17.2",",,7","3.9",",,7","7.8",",,7,",,,,,,,,,,
"USC00231801","COLUMBIA U OF M, MO US","38.94243","-92.32044","234.7","2024-02-24","0.0",",,7,0700","3.3",",,7","4.4",",,7","0.0",",,7,0700","0.0",",,7,0700","12.2",",,7","8.9",",,7","10.6",",,7","0.0",",,7","8.3",",,7,",,,,,,,,,,
"USC00231801","COLUMBIA U OF M, MO US","38.94243","-92.32044","234.7","2024-02-25","0.0",",,7,0700","3.9",",,7","5.0",",,7","0.0",",,7,0700","0.0",",,7,0700","15.0",",,7","11.7",",,7","22.8",",,7","6.1",",,7","12.2",",,7,",,,,,,,,,,
"USC00231801","COLUMBIA U OF M, MO US","38.94243","-92.32044","234.7","2024-02-26","0.0",",,7,0700","5.0",",,7","6.1",",,7","0.0",",,7,0700","0.0",",,7,0700","16.1",",,7","12.8",",,7","26.1",",,7","3.9",",,7","17.2",",,7,",,,,,,,,,,
"USC00231801","COLUMBIA U OF M, MO US","38.94243","-92.32044","234.7","2024-02-27","0.0",",,7,0700","8.9",",,7","10.0",",,7","0.0",",,7,0700","0.0",",,7,0700","17.2",",,7","14.4",",,7","26.1",",,7","-0.6",",,7","-0.6",",,7,",,,,,,,,,,
"USC00231801","COLUMBIA U OF M, MO US","38.94243","-92.32044","234.7","2024-02-28","0.8",",,7,0700","3.3",",,7","4.4",",,7","0.0","T,,7,0700","0.0",",,7,0700","10.6",",,7","10.0",",,7","2.2",",,7","-7.2",",,7","-3.9",",,7,",,,,,"    1",",,7","    1",",,7",,
"USC00231801","COLUMBIA U OF M, MO US","38.94243","-92.32044","234.7","2024-02-29","0.0",",,7,0700","1.7",",,7","2.8",",,7","0.0",",,7,0700","0.0",",,7,0700","11.7",",,7","8.3",",,7","12.2",",,7","-5.0",",,7","5.0",",,7,",,,,,,,,,,
"USC00231801","COLUMBIA U OF M, MO US","38.94243","-92.32044","234.7","2024-03-01","0.0","T,,7,0700","5.0",",,7","5.6",",,7","0.0",",,7,0700","0.0",",,7,0700","11.1",",,7","9.4",",,7","10.0",",,7","1.7",",,7","5.0",",,7,",,,,,,,,,,
"USC00231801","COLUMBIA U OF M, MO US","38.94243","-92.32044","234.7","2024-03-02","0.0","T,,7,0700","3.9",",,7","5.0",",,7","0.0","T,,7,0700","0.0",",,7,0700","14.4",",,7","11.1",",,7","20.6",",,7","2.2",",,7","13.3",",,7,",,,,,,,,,,
"USC00231801","COLUMBIA U OF M, MO US","38.94243","-92.32044","234.7","2024-03-03","0.0",",,7,0700","8.3",",,7","8.9",",,7","0.0",",,7,0700","0.0",",,7,0700","17.8",",,7","14.4",",,7","27.8",",,7","12.2",",,7","18.9",",,7,",,,,,,,,,,
"USC00231801","COLUMBIA U OF M, MO US","38.94243","-92.32044","234.7","2024-03-04","0.0",",,7,0700","11.1",",,7","11.1",",,7","0.0",",,7,0700","0.0",",,7,0700","17.8",",,7","15.6",",,7","26.1",",,7","9.4",",,7","9.4",",,7,",,,,,,,,,,
"USC00231801","COLUMBIA U OF M, MO US","38.94243","-92.32044","234.7","2024-03-05","0.5",",,7,0700","9.4",",,7","10.0",",,7","0.0",",,7,0700","0.0",",,7,0700","13.3",",,7","13.3",",,7","10.0",",,7","6.7",",,7","8.3",",,7,",,,,,"    1",",,7",,,,
"USC00231801","COLUMBIA U OF M, MO US","38.94243","-92.32044","234.7","2024-03-06","0.0","T,,7,0700","6.1",",,7","7.8",",,7","0.0",",,7,0700","0.0",",,7,0700","15.0",",,7","12.2",",,7","16.1",",,7","2.8",",,7","6.7",",,7,",,,"    1",",,7",,,,,,
"USC00231801","COLUMBIA U OF M, MO US","38.94243","-92.32044","234.7","2024-03-07","0.0","T,,7,0700","7.8",",,7","8.3",",,7","0.0",",,7,0700","0.0",",,7,0700","11.1",",,7","10.6",",,7","12.2",",,7","5.0",",,7","11.7",",,7,",,,,,,,,,,
"USC00231801","COLUMBIA U OF M, MO US","38.94243","-92.32044","234.7","2024-03-08","15.5",",,7,0700","7.8",",,7","8.3",",,7","0.0",",,7,0700","0.0",",,7,0700","11.1",",,7","11.1",",,7","11.7",",,7","3.9",",,7","3.9",",,7,",,,,,,,,,,
"USC00231801","COLUMBIA U OF M, MO US","38.94243","-92.32044","234.7","2024-03-09","0.0","T,,7,0700","5.0",",,7","6.1",",,7","0.0",",,7,0700","0.0",",,7,0700","12.8",",,7","10.6",",,7","10.6",",,7","-0.6",",,7","3.9",",,7,",,,,,,,,,,
"USC00231801","COLUMBIA U OF M, MO US","38.94243","-92.32044","234.7","2024-03-10","0.0",",,7,0700","3.3",",,7","5.0",",,7","0.0",",,7,0700","0.0",",,7,0700","13.9",",,7","11.1",",,7","13.9",",,7","-1.7",",,7","7.2",",,7,",,,,,,,,,,
"USC00231801","COLUMBIA U OF M, MO US","38.94243","-92.32044","234.7","2024-03-11","0.0",",,7,0700","4.4",",,7","5.6",",,7","0.0",",,7,0700","0.0",",,7,0700","15.0",",,7","12.2",",,7","20.6",",,7","5.0",",,7","13.3",",,7,",,,,,,,,,,
"USC00231801","COLUMBIA U OF M, MO US","38.94243","-92.32044","234.7","2024-03-12","0.0",",,7,0700","7.2",",,7","7.8",",,7","0.0",",,7,0700","0.0",",,7,0700","16.7",",,7","13.9",",,7","23.9",",,7","8.9",",,7","12.2",",,7,",,,,,,,,,,
"USC00231801","COLUMBIA U OF M, MO US","38.94243","-92.32044","234.7","2024-03-13","13.2",",,7,0700","10.0",",,7","10.6",",,7","0.0",",,7,0700","0.0",",,7,0700","19.4",",,7","16.7",",,7","23.9",",,7","11.1",",,7","19.4",",,7,",,,,,"    1",",,7",,,,
"USC00231801","COLUMBIA U OF M, MO US","38.94243","-92.32044","234.7","2024-03-14","17.8",",,7,0700","12.8",",,7","12.8",",,7","0.0",",,7,0700","0.0",",,7,0700","19.4",",,7","17.2",",,7","24.4",",,7","9.4",",,7","10.0",",,7,",,,,,"    1",",,7",,,,
"USC00231801","COLUMBIA U OF M, MO US","38.94243","-92.32044","234.7","2024-03-15","1.5",",,7,0700","10.0",",,7","11.1",",,7","0.0",",,7,0700","0.0",",,7,0700","16.7",",,7","14.4",",,7","16.7",",,7","6.7",",,7","8.9",",,7,",,,,,"    1",",,7",,,,
"USC00231801","COLUMBIA U OF M, MO US","38.94243","-92.32044","234.7","2024-03-16","0.0",",,7,0700","8.9",",,7","9.4",",,7","0.0",",,7,0700","0.0",",,7,0700","15.6",",,7","13.9",",,7","18.3",",,7","6.1",",,7","8.9",",,7,",,,,,,,,,,
"USC00231801","COLUMBIA U OF M, MO US","38.94243","-92.32044","234.7","2024-03-17","0.0",",,7,0700","5.6",",,7","7.2",",,7","0.0",",,7,0700","0.0",",,7,0700","13.3",",,7","11.7",",,7","10.0",",,7","-0.6",",,7","0.0",",,7,",,,,,,,,,,
"USC00231801","COLUMBIA U OF M, MO US","38.94243","-92.32044","234.7","2024-03-18","0.0",",,7,0700","3.9",",,7","5.0",",,7","0.0",",,7,0700","0.0",",,7,0700","11.1",",,7","9.4",",,7","2.8",",,7","-3.9",",,7","-1.1",",,7,",,,,,,,,,,
"USC00231801","COLUMBIA U OF M, MO US","38.94243","-92.32044","234.7","2024-03-19","0.0",",,7,0700","3.3",",,7","4.4",",,7","0.0",",,7,0700","0.0",",,7,0700","13.3",",,7","11.1",",,7","18.9",",,7","-2.2",",,7","7.2",",,7,",,,,,,,,,,
"USC00231801","COLUMBIA U OF M, MO US","38.94243","-92.32044","234.7","2024-03-20","0.0",",,7,0700","5.6",",,7","6.7",",,7","0.0",",,7,0700","0.0",",,7,0700","12.8",",,7","10.6",",,7","12.8",",,7","3.3",",,7","3.3",",,7,",,,,,,,,,,
"USC00231801","COLUMBIA U OF M, MO US","38.94243","-92.32044","234.7","2024-03-21","0.0",",,7,0700","4.4",",,7","5.6",",,7","0.0",",,7,0700","0.0",",,7,0700","12.2",",,7","10.0",",,7","14.4",",,7","1.1",",,7","7.8",",,7,",,,,,,,,,,
"USC00231801","COLUMBIA U OF M, MO US","38.94243","-92.32044","234.7","2024-03-22","0.0",",,7,0700","6.1",",,7","6.7",",,7","0.0",",,7,0700","0.0",",,7,0700","13.3",",,7","11.7",",,7","17.8",",,7","2.2",",,7","2.2",",,7,",,,,,,,,,,
"USC00231801","COLUMBIA U OF M, MO US","38.94243","-92.32044","234.7","2024-03-23","0.0","T,,7,0700","6.1",",,7","6.7",",,7","0.0",",,7,0700","0.0",",,7,0700","12.2",",,7","10.6",",,7","10.0",",,7","0.6",",,7","6.7",",,7,",,,,,,,,,,
"USC00231801","COLUMBIA U OF M, MO US","38.94243","-92.32044","234.7","2024-03-24","0.0",",,7,0700","6.7",",,7","7.2",",,7","0.0",",,7,0700","0.0",",,7,0700","12.2",",,7","11.1",",,7","18.9",",,7","5.0",",,7","11.7",",,7,",,,,,,,,,,
"USC00231801","COLUMBIA U OF M, MO US","38.94243","-92.32044","234.7","2024-03-25","4.3",",,7,0700","9.4",",,7","9.4",",,7","0.0",",,7,0700","0.0",",,7,0700","11.7",",,7","11.1",",,7","15.0",",,7","8.9",",,7","10.0",",,7,",,,,,,,,,,
"USC00231801","COLUMBIA U OF M, MO US","38.94243","-92.32044","234.7","2024-03-26","26.9",",,7,0700","6.1",",,7","6.7",",,7","0.0",",,7,0700","0.0",",,7,0700","10.0",",,7","10.0",",,7","10.6",",,7","1.7",",,7","1.7",",,7,",,,,,,,,,,
"USC00231801","COLUMBIA U OF M, MO US","38.94243","-92.32044","234.7","2024-03-27","0.0","T,,7,0700","3.3",",,7","5.0",",,7","0.0",",,7,0700","0.0",",,7,0700","14.4",",,7","11.1",",,7","10.0",",,7","-2.2",",,7","1.7",",,7,",,,,,,,,,,
"USC00231801","COLUMBIA U OF M, MO US","38.94243","-92.32044","234.7","2024-03-28","0.0",",,7,0700","4.4",",,7","5.6",",,7","0.0",",,7,0700","0.0",",,7,0700","16.1",",,7","12.8",",,7","18.3",",,7","1.7",",,7","8.9",",,7,",,,,,,,,,,
"USC00231801","COLUMBIA U OF M, MO US","38.94243","-92.32044","234.7","2024-03-29","0.0",",,7,0700","6.7",",,7","7.8",",,7","0.0",",,7,0700","0.0",",,7,0700","17.8",",,7","14.4",",,7","24.4",",,7","7.8",",,7","19.4",",,7,",,,,,,,,,,
"USC00231801","COLUMBIA U OF M, MO US","38.94243","-92.32044","234.7","2024-03-30","0.0",",,7,0700","11.7",",,7","11.7",",,7","0.0",",,7,0700","0.0",",,7,0700","20.0",",,7","16.7",",,7","22.2",",,7","14.4",",,7","15.0",",,7,",,,,,,,,,,
"USC00231801","COLUMBIA U OF M, MO US","38.94243","-92.32044","234.7","2024-03-31","0.0",",,7,0700","11.7",",,7","12.2",",,7","0.0",",,7,0700","0.0",",,7,0700","18.3",",,7","16.7",",,7","26.7",",,7","12.8",",,7","20.6",",,7,",,,,,,,,,,
"USC00231801","COLUMBIA U OF M, MO US","38.94243","-92.32044","234.7","2024-04-01","0.0","T,,7,0700","13.9",",,7","13.9",",,7","0.0",",,7,0700","0.0",",,7,0700","16.1",",,7","15.6",",,7","21.7",",,7","13.3",",,7","15.6",",,7,",,,,,,,,,,
"USC00231801","COLUMBIA U OF M, MO US","38.94243","-92.32044","234.7","2024-04-02","23.6",",,7,0700","10.0",",,7","11.1",",,7","0.0",",,7,0700","0.0",",,7,0700","15.0",",,7","15.0",",,7","16.1",",,7","5.0",",,7","5.0",",,7,",,,,,"    1",",,7",,,,
"USC00231801","COLUMBIA U OF M, MO US","38.94243","-92.32044","234.7","2024-04-03","4.1",",,7,0700","8.3",",,7","9.4",",,7","0.0",",,7,0700","0.0",",,7,0700","11.1",",,7","11.1",",,7","11.7",",,7","2.8",",,7","6.7",",,7,",,,,,,,,,,
"USC00231801","COLUMBIA U OF M, MO US","38.94243","-92.32044","234.7","2024-04-04","0.8",",,7,0700","6.7",",,7","7.8",",,7","0.0",",,7,0700","0.0",",,7,0700","13.9",",,7","12.2",",,7","11.7",",,7","2.8",",,7","3.9",",,7,",,,,,,,,,,
"USC00231801","COLUMBIA U OF M, MO US","38.94243","-92.32044","234.7","2024-04-05","0.0",",,7,0700","6.1",",,7","7.2",",,7","0.0",",,7,0700","0.0",",,7,0700","15.6",",,7","12.8",",,7","13.9",",,7","0.0",",,7","6.1",",,7,",,,,,,,,,,
"USC00231801","COLUMBIA U OF M, MO US","38.94243","-92.32044","234.7","2024-04-06","0.0",",,7,0700","7.2",",,7","8.3",",,7","0.0",",,7,0700","0.0",",,7,0700","14.4",",,7","12.8",",,7","17.8",",,7","4.4",",,7","13.3",",,7,",,,,,,,,,,
"USC00231801","COLUMBIA U OF M, MO US","38.94243","-92.32044","234.7","2024-04-07","2.0",",,7,0700","10.0",",,7","10.6",",,7","0.0",",,7,0700","0.0",",,7,0700","18.3",",,7","15.6",",,7","22.2",",,7","10.0",",,7","15.0",",,7,",,,,,,,,,,
"USC00231801","COLUMBIA U OF M, MO US","38.94243","-92.32044","234.7","2024-04-08","0.0",",,7,0700","10.0",",,7","10.6",",,7","0.0",",,7,0700","0.0",",,7,0700","18.9",",,7","15.6",",,7","26.1",",,7","10.6",",,7","15.6",",,7,",,,,,,,,,,
"USC00231801","COLUMBIA U OF M, MO US","38.94243","-92.32044","234.7","2024-04-09","0.0",",,7,0700","11.1",",,7","11.7",",,7","0.0",",,7,0700","0.0",",,7,0700","18.9",",,7","16.1",",,7","20.0",",,7","10.0",",,7","13.9",",,7,",,,,,,,,,,
"USC00231801","COLUMBIA U OF M, MO US","38.94243","-92.32044","234.7","2024-04-10","0.0",",,7,0700","11.1",",,7","11.7",",,7","0.0",",,7,0700","0.0",",,7,0700","15.0",",,7","14.4",",,7","17.8",",,7","10.6",",,7","15.0",",,7,",,,,,,,,,,
"USC00231801","COLUMBIA U OF M, MO US","38.94243","-92.32044","234.7","2024-04-11","0.5",",,7,0700","11.7",",,7","12.2",",,7","0.0",",,7,0700","0.0",",,7,0700","18.9",",,7","16.1",",,7","17.8",",,7","10.6",",,7","10.6",",,7,",,,,,,,,,,
"USC00231801","COLUMBIA U OF M, MO US","38.94243","-92.32044","234.7","2024-04-12","0.0",",,7,0700","9.4",",,7","10.6",",,7","0.0",",,7,0700","0.0",",,7,0700","19.4",",,7","16.1",",,7","20.0",",,7","7.8",",,7","9.4",",,7,",,,,,,,,,,
"USC00231801","COLUMBIA U OF M, MO US","38.94243","-92.32044","234.7","2024-04-13","0.0",",,7,0700","10.0",",,7","10.6",",,7","0.0",",,7,0700","0.0",",,7,0700","21.1",",,7","17.8",",,7","29.4",",,7","6.1",",,7","21.7",",,7,",,,,,,,,,,
"USC00231801","COLUMBIA U OF M, MO US","38.94243","-92.32044","234.7","2024-04-14","0.0",",,7,0700","13.3",",,7","13.3",",,7","0.0",",,7,0700","0.0",",,7,0700","23.9",",,7","20.0",",,7","30.0",",,7","18.3",",,7","19.4",",,7,",,,,,,,,,,
"USC00231801","COLUMBIA U OF M, MO US","38.94243","-92.32044","234.7","2024-04-15","0.0",",,7,0700","14.4",",,7","15.0",",,7","0.0",",,7,0700","0.0",",,7,0700","22.8",",,7","20.0",",,7","29.4",",,7","16.1",",,7","23.9",",,7,",,,,,,,,,,
"USC00231801","COLUMBIA U OF M, MO US","38.94243","-92.32044","234.7","2024-04-16","0.0","T,,7,0700","17.2",",,7","17.2",",,7","0.0",",,7,0700","0.0",",,7,0700","21.7",",,7","20.0",",,7","27.2",",,7","20.0",",,7","22.2",",,7,",,,,,,,,,,
"USC00231801","COLUMBIA U OF M, MO US","38.94243","-92.32044","234.7","2024-04-17","1.3",",,7,0700","15.0",",,7","15.6",",,7","0.0",",,7,0700","0.0",",,7,0700","23.9",",,7","21.1",",,7","26.1",",,7","15.6",",,7","16.7",",,7,",,,,,"    1",",,7",,,,
"USC00231801","COLUMBIA U OF M, MO US","38.94243","-92.32044","234.7","2024-04-18","0.0",",,7,0700","13.9",",,7","15.0",",,7","0.0",",,7,0700","0.0",",,7,0700","19.4",",,7","18.3",",,7","26.7",",,7","8.9",",,7","8.9",",,7,",,,,,,,,,,
"USC00231801","COLUMBIA U OF M, MO US","38.94243","-92.32044","234.7","2024-04-19","0.8",",,7,0700","11.7",",,7","12.8",",,7","0.0",",,7,0700","0.0",",,7,0700","20.0",",,7","17.8",",,7","16.7",",,7","5.0",",,7","10.6",",,7,",,,,,"    1",",,7",,,,
"USC00231801","COLUMBIA U OF M, MO US","38.94243","-92.32044","234.7","2024-04-20","0.0",",,7,0700","11.7",",,7","12.2",",,7","0.0",",,7,0700","0.0",",,7,0700","20.6",",,7","17.8",",,7","12.8",",,7","6.1",",,7","6.7",",,7,",,,,,,,,,,
"USC00231801","COLUMBIA U OF M, MO US","38.94243","-92.32044","234.7","2024-04-21","0.0",",,7,0700","11.1",",,7","12.2",",,7","0.0",",,7,0700","0.0",",,7,0700","20.6",",,7","17.8",",,7","15.0",",,7","5.0",",,7","7.2",",,7,",,,,,,,,,,
"USC00231801","COLUMBIA U OF M, MO US","38.94243","-92.32044","234.7","2024-04-22","0.0",",,7,0700","10.0",",,7","11.1",",,7","0.0",",,7,0700","0.0",",,7,0700","20.6",",,7","17.8",",,7","20.6",",,7","3.3",",,7","15.0",",,7,",,,,,,,,,,
"USC00231801","COLUMBIA U OF M, MO US","38.94243","-92.32044","234.7","2024-04-23","0.0",",,7,0700","12.8",",,7","13.3",",,7","0.0",",,7,0700","0.0",",,7,0700","16.1",",,7","15.6",",,7","20.0",",,7","11.1",",,7","11.1",",,7,",,,,,,,,,,
"USC00231801","COLUMBIA U OF M, MO US","38.94243","-92.32044","234.7","2024-04-24","1.0",",,7,0700","10.6",",,7","11.1",",,7","0.0",",,7,0700","0.0",",,7,0700","21.1",",,7","18.3",",,7","21.7",",,7","5.0",",,7","11.7",",,7,",,,,,"    1",",,7",,,,
"USC00231801","COLUMBIA U OF M, MO US","38.94243","-92.32044","234.7","2024-04-25","0.0",",,7,0700","12.8",",,7","13.3",",,7","0.0",",,7,0700","0.0",",,7,0700","17.8",",,7","16.7",",,7","17.8",",,7","8.9",",,7","13.3",",,7,",,,,,,,,,,
"USC00231801","COLUMBIA U OF M, MO US","38.94243","-92.32044","234.7","2024-04-26","10.4",",,7,0700","12.8",",,7","13.3",",,7","0.0",",,7,0700","0.0",",,7,0700","16.7",",,7","16.1",",,7","20.6",",,7","11.1",",,7","18.3",",,7,",,,,,"    1",",,7",,,,
"USC00231801","COLUMBIA U OF M, MO US","38.94243","-92.32044","234.7","2024-04-27","10.2",",,7,0700","15.0",",,7","15.0",",,7","0.0",",,7,0700","0.0",",,7,0700","20.0",",,7","18.9",",,7","23.9",",,7","16.1",",,7","16.1",",,7,",,,,,"    1",",,7",,,,
"USC00231801","COLUMBIA U OF M, MO US","38.94243","-92.32044","234.7","2024-04-28","22.6",",,7,0700","16.7",",,7","16.7",",,7","0.0",",,7,0700","0.0",",,7,0700","20.0",",,7","18.9",",,7","21.7",",,7","15.0",",,7","15.6",",,7,",,,,,"    1",",,7",,,,
"USC00231801","COLUMBIA U OF M, MO US","38.94243","-92.32044","234.7","2024-04-29","32.3",",,7,0700","16.7",",,7","16.7",",,7","0.0",",,7,0700","0.0",",,7,0700","27.2",",,7","23.9",",,7","23.3",",,7","13.3",",,7","13.9",",,7,",,,,,"    1",",,7",,,,
"USC00231801","COLUMBIA U OF M, MO US","38.94243","-92.32044","234.7","2024-04-30","0.0",",,7,0700","14.4",",,7","15.0",",,7","0.0",",,7,0700","0.0",",,7,0700","26.1",",,7","22.8",",,7","28.9",",,7","12.2",",,7","21.7",",,7,",,,,,,,,,,
"USC00231801","COLUMBIA U OF M, MO US","38.94243","-92.32044","234.7","2024-05-01","2.3",",,7,0700","17.2",",,7","17.2",",,7","0.0",",,7,0700","0.0",",,7,0700","25.0",",,7","22.8",",,7","25.6",",,7","17.8",",,7","17.8",",,7,",,,,,"    1",",,7",,,,
"USC00231801","COLUMBIA U OF M, MO US","38.94243","-92.32044","234.7","2024-05-02","0.0",",,7,0700","16.7",",,7","17.2",",,7","0.0",",,7,0700","0.0",",,7,0700","25.0",",,7","22.8",",,7","27.2",",,7","16.7",",,7","17.2",",,7,",,,,,,,,,,
"USC00231801","COLUMBIA U OF M, MO US","38.94243","-92.32044","234.7","2024-05-03","11.7",",,7,0700","16.7",",,7","17.2",",,7","0.0",",,7,0700","0.0",",,7,0700","26.1",",,7","23.3",",,7","23.3",",,7","13.9",",,7","16.7",",,7,","0.0",",,N,0700",,,"    1",",,7",,,,
"USC00231801","COLUMBIA U OF M, MO US","38.94243","-92.32044","234.7","2024-05-04","0.0",",,7,0700","17.2",",,7","17.2",",,7","0.0",",,7,0700","0.0",",,7,0700","27.8",",,7","24.4",",,7","25.6",",,7","13.9",",,7","13.9",",,7,",,,,,,,,,,
"USC00231801","COLUMBIA U OF M, MO US","38.94243","-92.32044","234.7","2024-05-05","0.0",",,7,0700","14.4",",,7","15.6",",,7","0.0",",,7,0700","0.0",",,7,0700","21.1",",,7","20.0",",,7","17.8",",,7","9.4",",,7","15.6",",,7,",,,,,,,,,,
"USC00231801","COLUMBIA U OF M, MO US","38.94243","-92.32044","234.7","2024-05-06","3.3",",,7,0700","16.7",",,7","16.7",",,7","0.0",",,7,0700","0.0",",,7,0700","23.3",",,7","21.7",",,7","25.6",",,7","15.0",",,7","22.2",",,7,","0.0",",,N,0700",,,,,,,,
"USC00231801","COLUMBIA U OF M, MO US","38.94243","-92.32044","234.7","2024-05-07","17.5",",,7,0700","17.2",",,7","17.8",",,7","0.0",",,7,0700","0.0",",,7,0700","26.7",",,7","24.4",",,7","26.1",",,7","14.4",",,7","14.4",",,7,",,,,,"    1",",,7",,,,
"USC00231801","COLUMBIA U OF M, MO US","38.94243","-92.32044","234.7","2024-05-08","0.8",",,7,0700","15.0",",,7","16.1",",,7","0.0",",,7,0700","0.0",",,7,0700","19.4",",,7","18.9",",,7","21.1",",,7","10.6",",,7","17.2",",,7,",,,,,,,,,,
"USC00231801","COLUMBIA U OF M, MO US","38.94243","-92.32044","234.7","2024-05-09","3.8",",,7,0700","15.6",",,7","16.1",",,7","0.0",",,7,0700","0.0",",,7,0700","25.6",",,7","23.9",",,7","23.3",",,7","13.3",",,7","13.9",",,7,",,,,,"    1",",,7",,,,
"USC00231801","COLUMBIA U OF M, MO US","38.94243","-92.32044","234.7","2024-05-10","0.0",",,7,0700","15.6",",,7","16.1",",,7","0.0",",,7,0700","0.0",",,7,0700","25.0",",,7","23.3",",,7","22.2",",,7","11.7",",,7","16.1",",,7,",,,,,,,,,,
"USC00231801","COLUMBIA U OF M, MO US","38.94243","-92.32044","234.7","2024-05-11","0.0",",,7,0700","13.9",",,7","15.0",",,7","0.0",",,7,0700","0.0",",,7,0700","26.7",",,7","24.4",",,7","25.6",",,7","12.8",",,7","16.7",",,7,",,,,,,,,,,
"USC00231801","COLUMBIA U OF M, MO US","38.94243","-92.32044","234.7","2024-05-12","0.0",",,7,0700","14.4",",,7","15.6",",,7","0.0",",,7,0700","0.0",",,7,0700","27.8",",,7","25.6",",,7","27.8",",,7","13.3",",,7","20.0",",,7,",,,,,,,,,,
"USC00231801","COLUMBIA U OF M, MO US","38.94243","-92.32044","234.7","2024-05-13","0.0",",,7,0700","17.8",",,7","18.3",",,7","0.0",",,7,0700","0.0",",,7,0700","22.8",",,7","21.7",",,7","22.2",",,7","16.1",",,7","16.7",",,7,",,,,,,,,,,
"USC00231801","COLUMBIA U OF M, MO US","38.94243","-92.32044","234.7","2024-05-14","2.8",",,7,0700","17.8",",,7","18.3",",,7","0.0",",,7,0700","0.0",",,7,0700","22.8",",,7","21.7",",,7","21.1",",,7","16.1",",,7","16.7",",,7,",,,,,,,,,,
"USC00231801","COLUMBIA U OF M, MO US","38.94243","-92.32044","234.7","2024-05-15","0.5",",,7,0700","17.8",",,7","17.8",",,7","0.0",",,7,0700","0.0",",,7,0700","26.1",",,7","23.9",",,7","23.3",",,7","16.1",",,7","18.3",",,7,",,,,,,,,,,
"USC00231801","COLUMBIA U OF M, MO US","38.94243","-92.32044","234.7","2024-05-16","0.8",",,7,0700","18.3",",,7","18.9",",,7","0.0",",,7,0700","0.0",",,7,0700","26.1",",,7","24.4",",,7","24.4",",,7","17.2",",,7","17.8",",,7,",,,,,,,,,,
"USC00231801","COLUMBIA U OF M, MO US","38.94243","-92.32044","234.7","2024-05-17","5.3",",,7,0700","17.2",",,7","18.3",",,7","0.0",",,7,0700","0.0",",,7,0700","29.4",",,7","27.2",",,7","27.8",",,7","15.0",",,7","19.4",",,7,","0.0",",,N,0700",,,,,,,,
"USC00231801","COLUMBIA U OF M, MO US","38.94243","-92.32044","234.7","2024-05-18","0.0",",,7,0700","18.3",",,7","18.9",",,7","0.0",",,7,0700","0.0",",,7,0700","30.6",",,7","28.3",",,7","29.4",",,7","16.7",",,7","22.2",",,7,",,,,,,,,,,
"USC00231801","COLUMBIA U OF M, MO US","38.94243","-92.32044","234.7","2024-05-19","0.0",",,7,0700","20.0",",,7","20.6",",,7","0.0",",,7,0700","0.0",",,7,0700","32.8",",,7","30.0",",,7","31.1",",,7","19.4",",,7","25.0",",,7,",,,,,,,,,,
"USC00231801","COLUMBIA U OF M, MO US","38.94243","-92.32044","234.7","2024-05-20","0.0",",,7,0700","21.1",",,7","21.7",",,7","0.0",",,7,0700","0.0",",,7,0700","31.1",",,7","28.9",",,7","29.4",",,7","20.0",",,7","22.8",",,7,",,,,,,,,,,
"USC00231801","COLUMBIA U OF M, MO US","38.94243","-92.32044","234.7","2024-05-21","0.0","T,,7,0700","21.1",",,7","21.7",",,7","0.0",",,7,0700","0.0",",,7,0700","32.8",",,7","30.6",",,7","31.1",",,7","18.3",",,7","18.3",",,7,",,,,,,,,,,
"USC00231801","COLUMBIA U OF M, MO US","38.94243","-92.32044","234.7","2024-05-22","0.0",",,7,0700","18.9",",,7","20.0",",,7","0.0",",,7,0700","0.0",",,7,0700","31.1",",,7","28.3",",,7","23.9",",,7","15.0",",,7","15.0",",,7,",,,,,"    1",",,7",,,,
"USC00231801","COLUMBIA U OF M, MO US","38.94243","-92.32044","234.7","2024-05-23","0.0",",,7,0700","18.3",",,7","19.4",",,7","0.0",",,7,0700","0.0",",,7,0700","31.1",",,7","28.9",",,7","27.8",",,7","13.3",",,7","22.8",",,7,",,,,,,,,,,
"USC00231801","COLUMBIA U OF M, MO US","38.94243","-92.32044","234.7","2024-05-24","0.0",",,7,0700","21.7",",,7","22.2",",,7","0.0",",,7,0700","0.0",",,7,0700","31.7",",,7","29.4",",,7","30.6",",,7","17.8",",,7","17.8",",,7,",,,,,,,,,,
"USC00231801","COLUMBIA U OF M, MO US","38.94243","-92.32044","234.7","2024-05-25","0.0",",,7,0700","18.9",",,7","20.0",",,7","0.0",",,7,0700","0.0",",,7,0700","32.8",",,7","30.6",",,7","26.7",",,7","13.3",",,7","22.2",",,7,",,,,,"    1",",,7",,,,
"USC00231801","COLUMBIA U OF M, MO US","38.94243","-92.32044","234.7","2024-05-26","12.4",",,7,0700","20.6",",,7","21.1",",,7","0.0",",,7,0700","0.0",",,7,0700","28.9",",,7","27.2",",,7","27.8",",,7","16.7",",,7","20.0",",,7,",,,,,"    1",",,7",,,,
"USC00231801","COLUMBIA U OF M, MO US","38.94243","-92.32044","234.7","2024-05-27","0.3",",,7,0700","18.9",",,7","20.0",",,7","0.0",",,7,0700","0.0",",,7,0700","29.4",",,7","27.8",",,7","27.2",",,7","16.7",",,7","19.4",",,7,",,,,,,,,,,
"USC00231801","COLUMBIA U OF M, MO US","38.94243","-92.32044","234.7","2024-05-28","9.7",",,7,0700","17.8",",,7","18.9",",,7","0.0",",,7,0700","0.0",",,7,0700","29.4",",,7","27.2",",,7","27.2",",,7","14.4",",,7","17.8",",,7,",,,,,"    1",",,7",,,,
"USC00231801","COLUMBIA U OF M, MO US","38.94243","-92.32044","234.7","2024-05-29","0.0",",,7,0700","17.8",",,7","18.9",",,7","0.0",",,7,0700","0.0",",,7,0700","30.0",",,7","27.8",",,7","25.0",",,7","13.9",",,7","16.1",",,7,",,,,,,,,,,
"USC00231801","COLUMBIA U OF M, MO US","38.94243","-92.32044","234.7","2024-05-30","0.0",",,7,0700","18.3",",,7","18.9",",,7","0.0",",,7,0700","0.0",",,7,0700","30.6",",,7","28.3",",,7","26.7",",,7","15.0",",,7","19.4",",,7,",,,,,,,,,,
"USC00231801","COLUMBIA U OF M, MO US","38.94243","-92.32044","234.7","2024-05-31","0.0",",,7,0700","19.4",",,7","20.0",",,7","0.0",",,7,0700","0.0",",,7,0700","28.3",",,7","26.7",",,7","25.6",",,7","16.1",",,7","18.3",",,7,",,,,,,,,,,
"USC00231801","COLUMBIA U OF M, MO US","38.94243","-92.32044","234.7","2024-06-01","15.0",",,7,0700","20.0",",,7","20.6",",,7","0.0",",,7,0700","0.0",",,7,0700","25.6",",,7","24.4",",,7","25.6",",,7","18.3",",,7","18.9",",,7,",,,,,,,,,,
"USC00231801","COLUMBIA U OF M, MO US","38.94243","-92.32044","234.7","2024-06-02","0.0","T,,7,0700","18.9",",,7","19.4",",,7","0.0",",,7,0700","0.0",",,7,0700","28.3",",,7","27.2",",,7","28.9",",,7","16.7",",,7","22.2",",,7,",,,,,,,,,,
"USC00231801","COLUMBIA U OF M, MO US","38.94243","-92.32044","234.7","2024-06-03","0.0",",,7,0700","21.1",",,7","21.1",",,7","0.0",",,7,0700","0.0",",,7,0700","28.9",",,7","27.2",",,7","29.4",",,7","20.0",",,7","21.7",",,7,",,,,,,,,,,
"USC00231801","COLUMBIA U OF M, MO US","38.94243","-92.32044","234.7","2024-06-04","0.5",",,7,0700","21.1",",,7","21.7",",,7","0.0",",,7,0700","0.0",",,7,0700","27.8",",,7","26.7",",,7","28.3",",,7","20.0",",,7","23.9",",,7,",,,,,"    1",",,7",,,,
"USC00231801","COLUMBIA U OF M, MO US","38.94243","-92.32044","234.7","2024-06-05","24.6",",,7,0700","21.7",",,7","21.7",",,7","0.0",",,7,0700","0.0",",,7,0700","30.0",",,7","28.3",",,7","27.2",",,7","18.9",",,7","19.4",",,7,",,,,,"    1",",,7",,,,
"USC00231801","COLUMBIA U OF M, MO US","38.94243","-92.32044","234.7","2024-06-06","0.0",",,7,0700","20.0",",,7","20.6",",,7","0.0",",,7,0700","0.0",",,7,0700","28.9",",,7","27.2",",,7","28.3",",,7","17.2",",,7","17.2",",,7,",,,,,,,,,,
"USC00231801","COLUMBIA U OF M, MO US","38.94243","-92.32044","234.7","2024-06-07","0.0",",,7,0700","17.8",",,7","18.9",",,7","0.0",",,7,0700","0.0",",,7,0700","30.6",",,7","28.3",",,7","31.7",",,7","13.3",",,7","23.3",",,7,",,,,,,,,,,
"USC00231801","COLUMBIA U OF M, MO US","38.94243","-92.32044","234.7","2024-06-08","15.7",",,7,0700","21.7",",,7","22.2",",,7","0.0",",,7,0700","0.0",",,7,0700","30.0",",,7","28.3",",,7","30.6",",,7","18.9",",,7","20.6",",,7,",,,,,"    1",",,7",,,,
"USC00231801","COLUMBIA U OF M, MO US","38.94243","-92.32044","234.7","2024-06-09","1.0",",,7,0700","20.6",",,7","21.1",",,7","0.0",",,7,0700","0.0",",,7,0700","28.9",",,7","27.2",",,7","27.2",",,7","16.1",",,7","16.7",",,7,",,,,,,,,,,
"USC00231801","COLUMBIA U OF M, MO US","38.94243","-92.32044","234.7","2024-06-10","0.3",",,7,0700","18.3",",,7","19.4",",,7","0.0",",,7,0700","0.0",",,7,0700","28.9",",,7","27.2",",,7","25.6",",,7","14.4",",,7","17.2",",,7,",,,,,,,,,,
"USC00231801","COLUMBIA U OF M, MO US","38.94243","-92.32044","234.7","2024-06-11","0.0",",,7,0700","18.3",",,7","19.4",",,7","0.0",",,7,0700","0.0",",,7,0700","31.1",",,7","28.9",",,7","27.8",",,7","13.9",",,7","20.6",",,7,",,,,,,,,,,
"USC00231801","COLUMBIA U OF M, MO US","38.94243","-92.32044","234.7","2024-06-12","0.0",",,7,0700","20.0",",,7","21.1",",,7","0.0",",,7,0700","0.0",",,7,0700","32.8",",,7","30.6",",,7","31.1",",,7","18.3",",,7","23.9",",,7,",,,,,,,,,,
"USC00231801","COLUMBIA U OF M, MO US","38.94243","-92.32044","234.7","2024-06-13","0.0",",,7,0700","22.8",",,7","23.3",",,7","0.0",",,7,0700","0.0",",,7,0700","32.8",",,7","31.1",",,7","33.3",",,7","20.6",",,7","21.7",",,7,",,,,,,,,,,
"USC00231801","COLUMBIA U OF M, MO US","38.94243","-92.32044","234.7","2024-06-14","3.6",",,7,0700","23.9",",,7","23.9",",,7","0.0",",,7,0700","0.0",",,7,0700","32.8",",,7","31.1",",,7","31.7",",,7","20.6",",,7","20.6",",,7,",,,,,"    1",",,7",,,,
"USC00231801","COLUMBIA U OF M, MO US","38.94243","-92.32044","234.7","2024-06-15","0.0",",,7,0700","22.8",",,7","23.3",",,7","0.0",",,7,0700","0.0",",,7,0700","31.1",",,7","30.0",",,7","32.2",",,7","18.3",",,7","26.1",",,7,",,,,,,,,,,
"USC00231801","COLUMBIA U OF M, MO US","38.94243","-92.32044","234.7","2024-06-16","0.0",",,7,0700","25.0",",,7","25.0",",,7","0.0",",,7,0700","0.0",",,7,0700","31.7",",,7","30.6",",,7","33.9",",,7","24.4",",,7","26.7",",,7,",,,,,,,,,,
"USC00231801","COLUMBIA U OF M, MO US","38.94243","-92.32044","234.7","2024-06-17","0.0",",,7,0700","25.6",",,7","25.6",",,7","0.0",",,7,0700","0.0",",,7,0700","32.2",",,7","31.1",",,7","34.4",",,7","24.4",",,7","24.4",",,7,",,,,,,,,,,
"USC00231801","COLUMBIA U OF M, MO US","38.94243","-92.32044","234.7","2024-06-18","0.0",",,7,0700","25.6",",,7","25.6",",,7","0.0",",,7,0700","0.0",",,7,0700","31.1",",,7","30.0",",,7","32.8",",,7","22.8",",,7","24.4",",,7,",,,,,,,,,,
"USC00231801","COLUMBIA U OF M, MO US","38.94243","-92.32044","234.7","2024-06-19","0.0",",,7,0700","25.6",",,7","25.6",",,7","0.0",",,7,0700","0.0",",,7,0700","31.7",",,7","30.6",",,7","32.2",",,7","22.2",",,7","23.9",",,7,",,,,,,,,,,
"USC00231801","COLUMBIA U OF M, MO US","38.94243","-92.32044","234.7","2024-06-20","0.0",",,7,0700","25.6",",,7","25.6",",,7","0.0",",,7,0700","0.0",",,7,0700","31.1",",,7","30.0",",,7","32.8",",,7","22.8",",,7","23.9",",,7,",,,,,,,,,,
"USC00231801","COLUMBIA U OF M, MO US","38.94243","-92.32044","234.7","2024-06-21","0.0",",,7,0700","25.6",",,7","25.6",",,7","0.0",",,7,0700","0.0",",,7,0700","31.1",",,7","30.0",",,7","32.8",",,7","22.2",",,7","25.0",",,7,",,,,,,,,,,
"USC00231801","COLUMBIA U OF M, MO US","38.94243","-92.32044","234.7","2024-06-22","0.0",",,7,0700","25.6",",,7","25.6",",,7","0.0",",,7,0700","0.0",",,7,0700","30.6",",,7","29.4",",,7","33.3",",,7","23.3",",,7","28.9",",,7,",,,,,,,,,,
"USC00231801","COLUMBIA U OF M, MO US","38.94243","-92.32044","234.7","2024-06-23","0.0",",,7,0700","26.1",",,7","26.1",",,7","0.0",",,7,0700","0.0",",,7,0700","32.2",",,7","31.1",",,7","33.3",",,7","23.3",",,7","23.3",",,7,",,,,,,,,,,
"USC00231801","COLUMBIA U OF M, MO US","38.94243","-92.32044","234.7","2024-06-24","0.0",",,7,0700","25.6",",,7","25.6",",,7","0.0",",,7,0700","0.0",",,7,0700","32.2",",,7","31.1",",,7","36.7",",,7","20.6",",,7","28.9",",,7,",,,,,,,,,,
"USC00231801","COLUMBIA U OF M, MO US","38.94243","-92.32044","234.7","2024-06-25","0.0",",,7,0700","26.1",",,7","26.7",",,7","0.0",",,7,0700","0.0",",,7,0700","32.2",",,7","31.1",",,7","36.7",",,7","21.1",",,7","23.3",",,7,",,,,,,,,,,
"USC00231801","COLUMBIA U OF M, MO US","38.94243","-92.32044","234.7","2024-06-26","58.4",",,7,0700","22.2",",,7","23.3",",,7","0.0",",,7,0700","0.0",",,7,0700","28.9",",,7","27.8",",,7","30.0",",,7","19.4",",,7","21.1",",,7,",,,,,"    1",",,7",,,,
"USC00231801","COLUMBIA U OF M, MO US","38.94243","-92.32044","234.7","2024-06-27","1.3",",,7,0700","22.2",",,7","22.8",",,7","0.0",",,7,0700","0.0",",,7,0700","30.0",",,7","28.9",",,7","31.1",",,7","18.9",",,7","23.9",",,7,",,,,,,,,,,
"USC00231801","COLUMBIA U OF M, MO US","38.94243","-92.32044","234.7","2024-06-28","0.0",",,7,0700","23.3",",,7","23.9",",,7","0.0",",,7,0700","0.0",",,7,0700","25.6",",,7","25.6",",,7","29.4",",,7","22.2",",,7","26.1",",,7,",,,,,,,,,,
"USC00231801","COLUMBIA U OF M, MO US","38.94243","-92.32044","234.7","2024-06-29","1.0",",,7,0700","23.9",",,7","23.9",",,7","0.0",",,7,0700","0.0",",,7,0700","29.4",",,7","28.3",",,7","32.8",",,7","22.2",",,7","23.9",",,7,",,,,,,,,,,
"USC00231801","COLUMBIA U OF M, MO US","38.94243","-92.32044","234.7","2024-06-30","10.7",",,7,0700","22.8",",,7","23.3",",,7","0.0",",,7,0700","0.0",",,7,0700","28.3",",,7","27.8",",,7","26.1",",,7","19.4",",,7","19.4",",,7,",,,,,"    1",",,7",,,,
"USC00231801","COLUMBIA U OF M, MO US","38.94243","-92.32044","234.7","2024-07-01","0.0",",,7,0700","20.6",",,7","21.1",",,7","0.0",",,7,0700","0.0",",,7,0700","23.3",",,7","23.9",",,7","23.9",",,7","16.7",",,7","20.0",",,7,",,,,,,,,,,
"USC00231801","COLUMBIA U OF M, MO US","38.94243","-92.32044","234.7","2024-07-02","0.0","T,,7,0700","20.0",",,7","20.6",",,7","0.0",",,7,0700","0.0",",,7,0700","31.7",",,7","29.4",",,7","33.9",",,7","20.0",",,7","23.3",",,7,",,,,,,,,,,
"USC00231801","COLUMBIA U OF M, MO US","38.94243","-92.32044","234.7","2024-07-03","118.9",",,7,0700","23.9",",,7","23.9",",,7","0.0",",,7,0700","0.0",",,7,0700","28.9",",,7","27.8",",,7","29.4",",,7","21.1",",,7","21.1",",,7,",,,,,"    1",",,7",,,,
"USC00231801","COLUMBIA U OF M, MO US","38.94243","-92.32044","234.7","2024-07-04","47.8",",,7,0700","23.3",",,7","23.9",",,7","0.0",",,7,0700","0.0",",,7,0700","30.6",",,7","29.4",",,7","30.6",",,7","20.0",",,7","24.4",",,7,",,,,,"    1",",,7",,,,
"USC00231801","COLUMBIA U OF M, MO US","38.94243","-92.32044","234.7","2024-07-05","5.8",",,7,0700","23.3",",,7","23.9",",,7","0.0",",,7,0700","0.0",",,7,0700","30.0",",,7","28.9",",,7","27.2",",,7","20.0",",,7","20.6",",,7,",,,,,,,,,,
"USC00231801","COLUMBIA U OF M, MO US","38.94243","-92.32044","234.7","2024-07-06","0.0",",,7,0700","21.7",",,7","22.8",",,7","0.0",",,7,0700","0.0",",,7,0700","31.7",",,7","30.0",",,7","30.0",",,7","18.3",",,7","21.7",",,7,",,,,,,,,,,
"USC00231801","COLUMBIA U OF M, MO US","38.94243","-92.32044","234.7","2024-07-07","0.0",",,7,0700","22.2",",,7","22.8",",,7","0.0",",,7,0700","0.0",",,7,0700","30.6",",,7","28.9",",,7","30.6",",,7","18.9",",,7","20.6",",,7,",,,,,,,,,,
"USC00231801","COLUMBIA U OF M, MO US","38.94243","-92.32044","234.7","2024-07-08","33.8",",,7,0700","22.8",",,7","23.3",",,7","0.0",",,7,0700","0.0",",,7,0700","30.6",",,7","28.9",",,7","30.0",",,7","18.3",",,7","22.2",",,7,",,,,,"    1",",,7",,,,
"USC00231801","COLUMBIA U OF M, MO US","38.94243","-92.32044","234.7","2024-07-09","0.0","T,,7,0700","22.2",",,7","22.8",",,7","0.0",",,7,0700","0.0",",,7,0700","25.0",",,7","25.6",",,7","22.8",",,7","18.9",",,7","20.0",",,7,",,,,,,,,,,
"USC00231801","COLUMBIA U OF M, MO US","38.94243","-92.32044","234.7","2024-07-10","21.1",",,7,0700","21.1",",,7","21.7",",,7","0.0",",,7,0700","0.0",",,7,0700","30.6",",,7","28.9",",,7","30.6",",,7","18.9",",,7","20.0",",,7,",,,,,,,,,,
"USC00231801","COLUMBIA U OF M, MO US","38.94243","-92.32044","234.7","2024-07-11","0.0","T,,7,0700","22.2",",,7","22.8",",,7","0.0",",,7,0700","0.0",",,7,0700","30.6",",,7","29.4",",,7","30.0",",,7","18.3",",,7","22.8",",,7,",,,,,,,,,,
"USC00231801","COLUMBIA U OF M, MO US","38.94243","-92.32044","234.7","2024-07-12","0.0",",,7,0700","23.9",",,7","24.4",",,7","0.0",",,7,0700","0.0",",,7,0700","31.7",",,7","30.0",",,7","31.1",",,7","21.7",",,7","24.4",",,7,",,,,,"    1",",,7",,,,
"USC00231801","COLUMBIA U OF M, MO US","38.94243","-92.32044","234.7","2024-07-13","0.8",",,7,0700","24.4",",,7","25.0",",,7","0.0",",,7,0700","0.0",",,7,0700","30.0",",,7","28.3",",,7","30.6",",,7","23.3",",,7","25.6",",,7,",,,,,"    1",",,7",,,,
"USC00231801","COLUMBIA U OF M, MO US","38.94243","-92.32044","234.7","2024-07-14","0.5",",,7,0700","24.4",",,7","25.0",",,7","0.0",",,7,0700","0.0",",,7,0700","31.1",",,7","29.4",",,7","33.3",",,7","23.9",",,7","27.2",",,7,",,,,,"    1",",,7",,,,
"USC00231801","COLUMBIA U OF M, MO US","38.94243","-92.32044","234.7","2024-07-15","0.0",",,7,0700","25.0",",,7","25.6",",,7","0.0",",,7,0700","0.0",",,7,0700","32.2",",,7","30.6",",,7","34.4",",,7","25.0",",,7","29.4",",,7,",,,,,,,,,,
"USC00231801","COLUMBIA U OF M, MO US","38.94243","-92.32044","234.7","2024-07-16","0.0",",,7,0700","25.0",",,7","25.6",",,7","0.0",",,7,0700","0.0",",,7,0700","27.2",",,7","27.8",",,7","29.4",",,7","21.7",",,7","23.9",",,7,",,,,,,,,,,
"USC00231801","COLUMBIA U OF M, MO US","38.94243","-92.32044","234.7","2024-07-17","3.8",",,7,0700","23.9",",,7","24.4",",,7","0.0",",,7,0700","0.0",",,7,0700","30.0",",,7","28.9",",,7","29.4",",,7","20.0",",,7","20.0",",,7,",,,,,"    1",",,7",,,,
"USC00231801","COLUMBIA U OF M, MO US","38.94243","-92.32044","234.7","2024-07-18","0.0",",,7,0700","21.7",",,7","22.8",",,7","0.0",",,7,0700","0.0",",,7,0700","28.9",",,7","27.2",",,7","26.7",",,7","16.1",",,7","17.8",",,7,",,,,,,,,,,
"USC00231801","COLUMBIA U OF M, MO US","38.94243","-92.32044","234.7","2024-07-19","0.0",",,7,0700","20.6",",,7","21.7",",,7","0.0",",,7,0700","0.0",",,7,0700","28.9",",,7","27.2",",,7","27.2",",,7","15.6",",,7","18.3",",,7,",,,,,,,,,,
"USC00231801","COLUMBIA U OF M, MO US","38.94243","-92.32044","234.7","2024-07-20","0.0",",,7,0700","21.1",",,7","22.2",",,7","0.0",",,7,0700","0.0",",,7,0700","26.1",",,7","25.6",",,7","25.6",",,7","16.1",",,7","19.4",",,7,",,,,,,,,,,
"USC00231801","COLUMBIA U OF M, MO US","38.94243","-92.32044","234.7","2024-07-21","0.0","T,,7,0700","21.1",",,7","22.2",",,7","0.0",",,7,0700","0.0",",,7,0700","26.7",",,7","25.6",",,7","26.7",",,7","17.2",",,7","19.4",",,7,",,,,,,,,,,
"USC00231801","COLUMBIA U OF M, MO US","38.94243","-92.32044","234.7","2024-07-22","0.0",",,7,0700","21.1",",,7","21.7",",,7","0.0",",,7,0700","0.0",",,7,0700","27.2",",,7","26.1",",,7","28.3",",,7","16.7",",,7","20.0",",,7,",,,,,,,,,,
"USC00231801","COLUMBIA U OF M, MO US","38.94243","-92.32044","234.7","2024-07-23","0.0",",,7,0700","21.7",",,7","22.2",",,7","0.0",",,7,0700","0.0",",,7,0700","28.9",",,7","27.2",",,7","30.6",",,7","18.3",",,7","21.7",",,7,",,,,,,,,,,
"USC00231801","COLUMBIA U OF M, MO US","38.94243","-92.32044","234.7","2024-07-24","0.0",",,7,0700","22.2",",,7","22.8",",,7","0.0",",,7,0700","0.0",",,7,0700","35.0",",,7","32.2",",,7","31.7",",,7","18.3",",,7","22.8",",,7,",,,,,,,,,,
"USC00231801","COLUMBIA U OF M, MO US","38.94243","-92.32044","234.7","2024-07-25","0.0",",,7,0700","23.3",",,7","23.9",",,7","0.0",",,7,0700","0.0",",,7,0700","34.4",",,7","31.7",",,7","32.8",",,7","20.6",",,7","23.9",",,7,",,,,,,,,,,
"USC00231801","COLUMBIA U OF M, MO US","38.94243","-92.32044","234.7","2024-07-26","0.0",",,7,0700","24.4",",,7","25.0",",,7","0.0",",,7,0700","0.0",",,7,0700","35.6",",,7","32.8",",,7","31.7",",,7","22.2",",,7","23.9",",,7,",,,,,,,,,,
"USC00231801","COLUMBIA U OF M, MO US","38.94243","-92.32044","234.7","2024-07-27","0.0",",,7,0700","25.0",",,7","25.6",",,7","0.0",",,7,0700","0.0",",,7,0700","30.6",",,7","28.9",",,7","28.3",",,7","21.1",",,7","21.7",",,7,",,,,,,,,,,
"USC00231801","COLUMBIA U OF M, MO US","38.94243","-92.32044","234.7","2024-07-28","0.3",",,7,0700","23.9",",,7","24.4",",,7","0.0",",,7,0700","0.0",",,7,0700","33.3",",,7","30.6",",,7","31.1",",,7","20.6",",,7","25.0",",,7,",,,,,,,,,,
"USC00231801","COLUMBIA U OF M, MO US","38.94243","-92.32044","234.7","2024-07-29","4.6",",,7,0700","24.4",",,7","25.0",",,7","0.0",",,7,0700","0.0",",,7,0700","35.6",",,7","32.8",",,7","34.4",",,7","23.9",",,7","27.8",",,7,",,,,,"    1",",,7",,,,
"USC00231801","COLUMBIA U OF M, MO US","38.94243","-92.32044","234.7","2024-07-30","0.5",",,7,0700","26.1",",,7","26.1",",,7","0.0",",,7,0700","0.0",",,7,0700","36.1",",,7","33.3",",,7","34.4",",,7","25.0",",,7","25.6",",,7,",,,,,"    1",",,7",,,,
"USC00231801","COLUMBIA U OF M, MO US","38.94243","-92.32044","234.7","2024-07-31","0.0","T,,7,0700","26.1",",,7","26.7",",,7","0.0",",,7,0700","0.0",",,7,0700","36.7",",,7","33.9",",,7","35.0",",,7","25.0",",,7","29.4",",,7,",,,,,"    1",",,7",,,,
"USC00231801","COLUMBIA U OF M, MO US","38.94243","-92.32044","234.7","2024-08-01","6.1",",,7,0700","26.1",",,7","26.7",",,7","0.0",",,7,0700","0.0",",,7,0700","35.0",",,7","32.8",",,7","32.8",",,7","22.2",",,7","25.6",",,7,",,,,,"    1",",,7",,,,
"USC00231801","COLUMBIA U OF M, MO US","38.94243","-92.32044","234.7","2024-08-02","0.0",",,7,0700","25.0",",,7","25.6",",,7","0.0",",,7,0700","0.0",",,7,0700","33.9",",,7","31.7",",,7","31.7",",,7","22.2",",,7","23.3",",,7,",,,,,,,,,,
"USC00231801","COLUMBIA U OF M, MO US","38.94243","-92.32044","234.7","2024-08-03","0.0",",,7,0700","24.4",",,7","25.0",",,7","0.0",",,7,0700","0.0",",,7,0700","36.7",",,7","33.3",",,7","33.3",",,7","20.0",",,7","23.9",",,7,",,,,,,,,,,
"USC00231801","COLUMBIA U OF M, MO US","38.94243","-92.32044","234.7","2024-08-04","0.0",",,7,0700","25.6",",,7","26.1",",,7","0.0",",,7,0700","0.0",",,7,0700","37.2",",,7","34.4",",,7","35.0",",,7","21.7",",,7","25.0",",,7,",,,,,,,,,,
"USC00231801","COLUMBIA U OF M, MO US","38.94243","-92.32044","234.7","2024-08-05","0.0",",,7,0700","26.1",",,7","26.7",",,7","0.0",",,7,0700","0.0",",,7,0700","37.2",",,7","33.9",",,7","35.0",",,7","23.3",",,7","26.1",",,7,",,,,,,,,,,
"USC00231801","COLUMBIA U OF M, MO US","38.94243","-92.32044","234.7","2024-08-06","0.0",",,7,0700","26.1",",,7","26.7",",,7","0.0",",,7,0700","0.0",",,7,0700","30.6",",,7","30.0",",,7","29.4",",,7","19.4",",,7","19.4",",,7,",,,,,,,,,,
"USC00231801","COLUMBIA U OF M, MO US","38.94243","-92.32044","234.7","2024-08-07","0.0",",,7,0700","24.4",",,7","25.0",",,7","0.0",",,7,0700","0.0",",,7,0700","31.1",",,7","29.4",",,7","26.7",",,7","18.9",",,7","19.4",",,7,",,,,,,,,,,
"USC00231801","COLUMBIA U OF M, MO US","38.94243","-92.32044","234.7","2024-08-08","0.0",",,7,0700","22.8",",,7","23.3",",,7","0.0",",,7,0700","0.0",",,7,0700","28.9",",,7","27.2",",,7","26.7",",,7","17.8",",,7","21.7",",,7,",,,,,,,,,,
"USC00231801","COLUMBIA U OF M, MO US","38.94243","-92.32044","234.7","2024-08-09","0.0",",,7,0700","21.7",",,7","22.8",",,7","0.0",",,7,0700","0.0",",,7,0700","31.7",",,7","29.4",",,7","25.0",",,7","15.6",",,7","16.1",",,7,",,,,,,,,,,
"USC00231801","COLUMBIA U OF M, MO US","38.94243","-92.32044","234.7","2024-08-10","0.0",",,7,0700","20.6",",,7","21.7",",,7","0.0",",,7,0700","0.0",",,7,0700","30.6",",,7","28.3",",,7","26.1",",,7","13.3",",,7","17.2",",,7,",,,,,,,,,,
"USC00231801","COLUMBIA U OF M, MO US","38.94243","-92.32044","234.7","2024-08-11","0.0",",,7,0700","22.8",",,7","23.3",",,7","0.0",",,7,0700","0.0",",,7,0700","30.6",",,7","28.9",",,7","27.2",",,7","17.2",",,7","22.2",",,7,",,,,,,,,,,
"USC00231801","COLUMBIA U OF M, MO US","38.94243","-92.32044","234.7","2024-08-12","0.0",",,7,0700","22.8",",,7","23.3",",,7","0.0",",,7,0700","0.0",",,7,0700","25.0",",,7","25.6",",,7","22.2",",,7","19.4",",,7","19.4",",,7,",,,,,,,,,,
"USC00231801","COLUMBIA U OF M, MO US","38.94243","-92.32044","234.7","2024-08-13","17.3",",,7,0700","22.2",",,7","22.2",",,7","0.0",",,7,0700","0.0",",,7,0700","25.0",",,7","24.4",",,7","24.4",",,7","19.4",",,7","22.8",",,7,",,,,,,,,,,
"USC00231801","COLUMBIA U OF M, MO US","38.94243","-92.32044","234.7","2024-08-14","0.0","T,,7,0700","22.2",",,7","22.8",",,7","0.0",",,7,0700","0.0",",,7,0700","26.1",",,7","25.6",",,7","28.3",",,7","21.1",",,7","23.3",",,7,",,,,,,,,,,
"USC00231801","COLUMBIA U OF M, MO US","38.94243","-92.32044","234.7","2024-08-15","37.8",",,7,0700","23.3",",,7","23.3",",,7","0.0",",,7,0700","0.0",",,7,0700","30.6",",,7","28.9",",,7","32.2",",,7","22.8",",,7","25.6",",,7,",,,,,"    1",",,7",,,,
"USC00231801","COLUMBIA U OF M, MO US","38.94243","-92.32044","234.7","2024-08-16","1.0",",,7,0700","23.3",",,7","23.9",",,7","0.0",",,7,0700","0.0",",,7,0700","31.7",",,7","30.0",",,7","33.9",",,7","22.2",",,7","25.6",",,7,",,,,,,,,,,
"USC00231801","COLUMBIA U OF M, MO US","38.94243","-92.32044","234.7","2024-08-17","0.0",",,7,0700","23.3",",,7","23.9",",,7","0.0",",,7,0700","0.0",",,7,0700","31.1",",,7","29.4",",,7","31.1",",,7","21.1",",,7","23.9",",,7,",,,,,,,,,,
"USC00231801","COLUMBIA U OF M, MO US","38.94243","-92.32044","234.7","2024-08-18","0.0",",,7,0700","22.2",",,7","23.3",",,7","0.0",",,7,0700","0.0",",,7,0700","30.6",",,7","28.9",",,7","29.4",",,7","20.0",",,7","20.0",",,7,",,,,,,,,,,
"USC00231801","COLUMBIA U OF M, MO US","38.94243","-92.32044","234.7","2024-08-19","0.0",",,7,0700","21.7",",,7","22.8",",,7","0.0",",,7,0700","0.0",",,7,0700","30.0",",,7","28.3",",,7","28.9",",,7","18.9",",,7","20.0",",,7,",,,,,,,,,,
"USC00231801","COLUMBIA U OF M, MO US","38.94243","-92.32044","234.7","2024-08-20","0.0",",,7,0700","21.1",",,7","21.7",",,7","0.0",",,7,0700","0.0",",,7,0700","28.9",",,7","27.2",",,7","26.1",",,7","16.1",",,7","18.3",",,7,",,,,,,,,,,
"USC00231801","COLUMBIA U OF M, MO US","38.94243","-92.32044","234.7","2024-08-21","0.0","T,,7,0700","21.1",",,7","22.2",",,7","0.0",",,7,0700","0.0",",,7,0700","29.4",",,7","27.2",",,7","24.4",",,7","15.6",",,7","15.6",",,7,",,,,,,,,,,
"USC00231801","COLUMBIA U OF M, MO US","38.94243","-92.32044","234.7","2024-08-22","0.0",",,7,0700","18.9",",,7","20.0",",,7","0.0",",,7,0700","0.0",",,7,0700","28.9",",,7","26.7",",,7","25.6",",,7","12.2",",,7","16.7",",,7,",,,,,,,,,,
"USC00231801","COLUMBIA U OF M, MO US","38.94243","-92.32044","234.7","2024-08-23","0.0",",,7,0700","18.9",",,7","20.0",",,7","0.0",",,7,0700","0.0",",,7,0700","30.0",",,7","27.2",",,7","29.4",",,7","13.3",",,7","22.2",",,7,",,,,,,,,,,
"USC00231801","COLUMBIA U OF M, MO US","38.94243","-92.32044","234.7","2024-08-24","0.0","T,,7,0700","22.2",",,7","22.8",",,7","0.0",",,7,0700","0.0",",,7,0700","24.4",",,7","23.9",",,7","27.2",",,7","21.1",",,7","21.1",",,7,",,,,,,,,,,
"USC00231801","COLUMBIA U OF M, MO US","38.94243","-92.32044","234.7","2024-08-25","11.7",",,7,0700","22.2",",,7","22.2",",,7","0.0",",,7,0700","0.0",",,7,0700","30.6",",,7","28.9",",,7","33.9",",,7","21.1",",,7","26.1",",,7,",,,,,"    1",",,7",,,,
"USC00231801","COLUMBIA U OF M, MO US","38.94243","-92.32044","234.7","2024-08-26","0.0",",,7,0700","23.3",",,7","23.9",",,7","0.0",",,7,0700","0.0",",,7,0700","32.2",",,7","30.0",",,7","36.7",",,7","23.3",",,7","27.2",",,7,",,,,,,,,,,
"USC00231801","COLUMBIA U OF M, MO US","38.94243","-92.32044","234.7","2024-08-27","0.0",",,7,0700","24.4",",,7","25.0",",,7","0.0",",,7,0700","0.0",",,7,0700","33.9",",,7","31.7",",,7","36.7",",,7","24.4",",,7","24.4",",,7,",,,,,,,,,,
"USC00231801","COLUMBIA U OF M, MO US","38.94243","-92.32044","234.7","2024-08-28","0.0","T,,7,0700","24.4",",,7","25.0",",,7","0.0",",,7,0700","0.0",",,7,0700","31.7",",,7","29.4",",,7","32.2",",,7","22.2",",,7","23.9",",,7,",,,,,"    1",",,7",,,,
"USC00231801","COLUMBIA U OF M, MO US","38.94243","-92.32044","234.7","2024-08-29","1.8",",,7,0700","24.4",",,7","25.0",",,7","0.0",",,7,0700","0.0",",,7,0700","34.4",",,7","31.7",",,7","35.0",",,7","22.2",",,7","26.1",",,7,",,,,,"    1",",,7",,,,
"USC00231801","COLUMBIA U OF M, MO US","38.94243","-92.32044","234.7","2024-08-30","0.0",",,7,0700","25.0",",,7","25.6",",,7","0.0",",,7,0700","0.0",",,7,0700","33.9",",,7","31.1",",,7","33.9",",,7","22.8",",,7","22.8",",,7,",,,,,,,,,,
"USC00231801","COLUMBIA U OF M, MO US","38.94243","-92.32044","234.7","2024-08-31","0.5",",,7,0700","24.4",",,7","25.0",",,7","0.0",",,7,0700","0.0",",,7,0700","32.2",",,7","30.0",",,7","30.0",",,7","19.4",",,7","19.4",",,7,",,,,,,,,,,
"USC00231801","COLUMBIA U OF M, MO US","38.94243","-92.32044","234.7","2024-09-01","0.0",",,7,0700","21.7",",,7","22.8",",,7","0.0",",,7,0700","0.0",",,7,0700","32.8",",,7","30.0",",,7","31.1",",,7","15.6",",,7","17.2",",,7,",,,,,,,,,,
"USC00231801","COLUMBIA U OF M, MO US","38.94243","-92.32044","234.7","2024-09-02","0.0",",,7,0700","20.6",",,7","21.7",",,7","0.0",",,7,0700","0.0",",,7,0700","30.6",",,7","28.3",",,7","26.1",",,7","13.9",",,7","16.7",",,7,",,,,,,,,,,
"USC00231801","COLUMBIA U OF M, MO US","38.94243","-92.32044","234.7","2024-09-03","0.0",",,7,0700","20.0",",,7","21.1",",,7","0.0",",,7,0700","0.0",",,7,0700","28.3",",,7","26.7",",,7","25.0",",,7","13.9",",,7","15.6",",,7,",,,,,,,,,,
"USC00231801","COLUMBIA U OF M, MO US","38.94243","-92.32044","234.7","2024-09-04","0.0",",,7,0700","18.3",",,7","19.4",",,7","0.0",",,7,0700","0.0",",,7,0700","31.1",",,7","28.3",",,7","29.4",",,7","12.2",",,7","18.3",",,7,",,,,,,,,,,
"USC00231801","COLUMBIA U OF M, MO US","38.94243","-92.32044","234.7","2024-09-05","0.0",",,7,0700","20.0",",,7","21.1",",,7","0.0",",,7,0700","0.0",",,7,0700","32.8",",,7","29.4",",,7","33.3",",,7","15.6",",,7","22.8",",,7,",,,,,,,,,,
"USC00231801","COLUMBIA U OF M, MO US","38.94243","-92.32044","234.7","2024-09-06","0.5",",,7,0700","22.2",",,7","22.8",",,7","0.0",",,7,0700","0.0",",,7,0700","31.7",",,7","28.9",",,7","26.1",",,7","14.4",",,7","15.0",",,7,",,,,,,,,,,
"USC00231801","COLUMBIA U OF M, MO US","38.94243","-92.32044","234.7","2024-09-07","0.0",",,7,0700","18.3",",,7","20.0",",,7","0.0",",,7,0700","0.0",",,7,0700","29.4",",,7","27.2",",,7","22.8",",,7","10.0",",,7","12.2",",,7,",,,,,,,,,,
"USC00231801","COLUMBIA U OF M, MO US","38.94243","-92.32044","234.7","2024-09-08","0.0",",,7,0700","16.7",",,7","17.8",",,7","0.0",",,7,0700","0.0",",,7,0700","27.8",",,7","25.6",",,7","22.8",",,7","6.7",",,7","11.1",",,7,",,,,,,,,,,
"USC00231801","COLUMBIA U OF M, MO US","38.94243","-92.32044","234.7","2024-09-09","0.0",",,7,0700","16.1",",,7","17.2",",,7","0.0",",,7,0700","0.0",",,7,0700","28.3",",,7","26.1",",,7","27.8",",,7","8.9",",,7","14.4",",,7,",,,,,,,,,,
"USC00231801","COLUMBIA U OF M, MO US","38.94243","-92.32044","234.7","2024-09-10","0.0",",,7,0700","16.1",",,7","17.8",",,7","0.0",",,7,0700","0.0",",,7,0700","27.8",",,7","25.6",",,7","28.3",",,7","10.0",",,7","17.8",",,7,",,,,,,,,,,
"USC00231801","COLUMBIA U OF M, MO US","38.94243","-92.32044","234.7","2024-09-11","0.0",",,7,0700","18.3",",,7","18.9",",,7","0.0",",,7,0700","0.0",",,7,0700","28.9",",,7","26.7",",,7","31.1",",,7","15.0",",,7","21.7",",,7,",,,,,,,,,,
"USC00231801","COLUMBIA U OF M, MO US","38.94243","-92.32044","234.7","2024-09-12","0.0",",,7,0700","20.0",",,7","20.6",",,7","0.0",",,7,0700","0.0",",,7,0700","28.9",",,7","26.7",",,7","30.6",",,7","17.8",",,7","22.8",",,7,",,,,,,,,,,
"USC00231801","COLUMBIA U OF M, MO US","38.94243","-92.32044","234.7","2024-09-13","0.0","T,,7,0700","21.7",",,7","21.7",",,7","0.0",",,7,0700","0.0",",,7,0700","23.9",",,7","23.3",",,7","22.8",",,7","18.3",",,7","20.0",",,7,",,,,,,,,,,
"USC00231801","COLUMBIA U OF M, MO US","38.94243","-92.32044","234.7","2024-09-14","0.5",",,7,0700","21.1",",,7","21.7",",,7","0.0",",,7,0700","0.0",",,7,0700","28.9",",,7","26.7",",,7","30.6",",,7","19.4",",,7","21.7",",,7,",,,,,,,,,,
"USC00231801","COLUMBIA U OF M, MO US","38.94243","-92.32044","234.7","2024-09-15","0.0",",,7,0700","21.1",",,7","21.7",",,7","0.0",",,7,0700","0.0",",,7,0700","30.6",",,7","27.8",",,7","31.1",",,7","18.9",",,7","21.7",",,7,",,,,,,,,,,
"USC00231801","COLUMBIA U OF M, MO US","38.94243","-92.32044","234.7","2024-09-16","0.0",",,7,0700","21.7",",,7","22.8",",,7","0.0",",,7,0700","0.0",",,7,0700","30.0",",,7","27.2",",,7","30.6",",,7","20.6",",,7","20.6",",,7,",,,,,,,,,,
"USC00231801","COLUMBIA U OF M, MO US","38.94243","-92.32044","234.7","2024-09-17","2.5",",,7,0700","20.0",",,7","20.6",",,7","0.0",",,7,0700","0.0",",,7,0700","30.6",",,7","27.8",",,7","31.7",",,7","17.2",",,7","21.7",",,7,",,,,,,,,,,
"USC00231801","COLUMBIA U OF M, MO US","38.94243","-92.32044","234.7","2024-09-18","0.0",",,7,0700","20.6",",,7","21.1",",,7","0.0",",,7,0700","0.0",",,7,0700","31.1",",,7","28.3",",,7","31.7",",,7","18.3",",,7","21.1",",,7,",,,,,,,,,,
"USC00231801","COLUMBIA U OF M, MO US","38.94243","-92.32044","234.7","2024-09-19","0.0",",,7,0700","21.1",",,7","21.7",",,7","0.0",",,7,0700","0.0",",,7,0700","29.4",",,7","27.8",",,7","33.3",",,7","18.9",",,7","25.0",",,7,",,,,,,,,,,
"USC00231801","COLUMBIA U OF M, MO US","38.94243","-92.32044","234.7","2024-09-20","0.0",",,7,0700","22.8",",,7","23.3",",,7","0.0",",,7,0700","0.0",",,7,0700","33.3",",,7","30.6",",,7","34.4",",,7","22.2",",,7","25.6",",,7,",,,,,,,,,,
"USC00231801","COLUMBIA U OF M, MO US","38.94243","-92.32044","234.7","2024-09-21","0.0",",,7,0700","22.8",",,7","23.3",",,7","0.0",",,7,0700","0.0",",,7,0700","26.1",",,7","26.1",",,7","26.7",",,7","21.7",",,7","22.2",",,7,",,,,,,,,,,
"USC00231801","COLUMBIA U OF M, MO US","38.94243","-92.32044","234.7","2024-09-22","46.5",",,7,0700","21.7",",,7","22.2",",,7","0.0",",,7,0700","0.0",",,7,0700","25.6",",,7","25.0",",,7","25.6",",,7","16.7",",,7","17.2",",,7,",,,,,"    1",",,7",,,,
"USC00231801","COLUMBIA U OF M, MO US","38.94243","-92.32044","234.7","2024-09-23","8.6",",,7,0700","19.4",",,7","20.0",",,7","0.0",",,7,0700","0.0",",,7,0700","21.7",",,7","22.2",",,7","20.0",",,7","16.1",",,7","17.8",",,7,",,,,,"    1",",,7",,,,
"USC00231801","COLUMBIA U OF M, MO US","38.94243","-92.32044","234.7","2024-09-24","27.2",",,7,0700","18.9",",,7","19.4",",,7","0.0",",,7,0700","0.0",",,7,0700","22.8",",,7","22.2",",,7","21.7",",,7","15.0",",,7","16.1",",,7,",,,,,"    1",",,7",,,,
"USC00231801","COLUMBIA U OF M, MO US","38.94243","-92.32044","234.7","2024-09-25","0.3",",,7,0700","17.2",",,7","17.8",",,7","0.0",",,7,0700","0.0",",,7,0700","25.0",",,7","23.3",",,7","25.6",",,7","13.3",",,7","15.6",",,7,",,,,,,,,,,
"USC00231801","COLUMBIA U OF M, MO US","38.94243","-92.32044","234.7","2024-09-26","0.0",",,7,0700","16.7",",,7","17.8",",,7","0.0",",,7,0700","0.0",",,7,0700","23.3",",,7","22.2",",,7","26.1",",,7","12.8",",,7","16.7",",,7,",,,,,,,,,,
"USC00231801","COLUMBIA U OF M, MO US","38.94243","-92.32044","234.7","2024-09-27","0.0","T,,7,0700","17.2",",,7","18.3",",,7","0.0",",,7,0700","0.0",",,7,0700","19.4",",,7","19.4",",,7","21.1",",,7","16.1",",,7","20.0",",,7,",,,,,,,,,,
"USC00231801","COLUMBIA U OF M, MO US","38.94243","-92.32044","234.7","2024-09-28","0.0",",,7,0700","16.7",",,7","17.2",",,7","0.0",",,7,0700","0.0",",,7,0700","22.2",",,7","21.7",",,7","25.6",",,7","16.7",",,7","20.0",",,7,",,,,,,,,,,
"USC00231801","COLUMBIA U OF M, MO US","38.94243","-92.32044","234.7","2024-09-29","0.0",",,7,0700","17.2",",,7","18.3",",,7","0.0",",,7,0700","0.0",",,7,0700","23.9",",,7","22.8",",,7","27.2",",,7","16.1",",,7","19.4",",,7,",,,,,,,,,,
"USC00231801","COLUMBIA U OF M, MO US","38.94243","-92.32044","234.7","2024-09-30","0.0",",,7,0700","17.8",",,7","18.9",",,7","0.0",",,7,0700","0.0",",,7,0700","25.6",",,7","23.9",",,7","28.9",",,7","16.1",",,7","18.3",",,7,",,,,,,,,,,
"USC00231801","COLUMBIA U OF M, MO US","38.94243","-92.32044","234.7","2024-10-01","0.0",",,N,0700",,,,,"0.0",",,N,0700","0.0",",,N,0700",,,,,"22.2",",,H","9.4",",,H","10.0",",,H,",,,,,,,,,,
"USC00231801","COLUMBIA U OF M, MO US","38.94243","-92.32044","234.7","2024-10-02","0.0",",,N,0700",,,,,"0.0",",,N,0700","0.0",",,N,0700",,,,,"23.3",",,H","6.7",",,H","14.4",",,H,",,,,,,,,,,
"USC00231801","COLUMBIA U OF M, MO US","38.94243","-92.32044","234.7","2024-10-03","0.0",",,N,0700",,,,,"0.0",",,N,0700","0.0",",,N,0700",,,,,"30.6",",,H","13.3",",,H","20.0",",,H,",,,,,,,,,,
"USC00231801","COLUMBIA U OF M, MO US","38.94243","-92.32044","234.7","2024-10-04","0.0",",,N,0700",,,,,"0.0",",,N,0700","0.0",",,N,0700",,,,,"28.3",",,H","15.6",",,H","19.4",",,H,",,,,,,,,,,
"USC00231801","COLUMBIA U OF M, MO US","38.94243","-92.32044","234.7","2024-10-05","0.0",",,N,0700",,,,,"0.0",",,N,0700","0.0",",,N,0700",,,,,"31.7",",,H","16.7",",,H","22.2",",,H,",,,,,,,,,,
"USC00231801","COLUMBIA U OF M, MO US","38.94243","-92.32044","234.7","2024-10-06","0.0",",,N,0700",,,,,"0.0",",,N,0700","0.0",",,N,0700",,,,,"26.1",",,H","13.3",",,H","13.3",",,H,",,,,,,,,,,
"USC00231801","COLUMBIA U OF M, MO US","38.94243","-92.32044","234.7","2024-10-07","0.0",",,N,0700",,,,,"0.0",",,N,0700","0.0",",,N,0700",,,,,"22.2",",,H","8.3",",,H","10.0",",,H,",,,,,,,,,,
"USC00231801","COLUMBIA U OF M, MO US","38.94243","-92.32044","234.7","2024-10-08","0.0",",,N,0700",,,,,"0.0",",,N,0700","0.0",",,N,0700",,,,,"23.3",",,H","6.1",",,H","10.6",",,H,",,,,,,,,,,
"USC00231801","COLUMBIA U OF M, MO US","38.94243","-92.32044","234.7","2024-10-09","0.0",",,N,0700",,,,,"0.0",",,N,0700","0.0",",,N,0700",,,,,"25.6",",,H","7.8",",,H","13.9",",,H,",,,,,,,,,,
"USC00231801","COLUMBIA U OF M, MO US","38.94243","-92.32044","234.7","2024-10-10","0.0",",,N,0700",,,,,"0.0",",,N,0700","0.0",",,N,0700",,,,,"26.7",",,H","9.4",",,H","15.6",",,H,",,,,,,,,,,
"USC00231801","COLUMBIA U OF M, MO US","38.94243","-92.32044","234.7","2024-10-11","0.0",",,N,0700",,,,,"0.0",",,N,0700","0.0",",,N,0700",,,,,"30.0",",,H","12.2",",,H","19.4",",,H,",,,,,,,,,,
"USC00231801","COLUMBIA U OF M, MO US","38.94243","-92.32044","234.7","2024-10-12","0.0",",,N,0700",,,,,"0.0",",,N,0700","0.0",",,N,0700",,,,,"32.2",",,H","15.0",",,H","20.6",",,H,",,,,,,,,,,
"USC00231801","COLUMBIA U OF M, MO US","38.94243","-92.32044","234.7","2024-10-13","0.0",",,N,0700",,,,,"0.0",",,N,0700","0.0",",,N,0700",,,,,"22.2",",,H","10.6",",,H","10.6",",,H,",,,,,,,,,,
"USC00231801","COLUMBIA U OF M, MO US","38.94243","-92.32044","234.7","2024-10-14","0.0",",,N,0700",,,,,"0.0",",,N,0700","0.0",",,N,0700",,,,,"16.1",",,H","6.1",",,H","10.6",",,H,",,,,,,,,,,
"USC00231801","COLUMBIA U OF M, MO US","38.94243","-92.32044","234.7","2024-10-15","0.0","T,,N,0700",,,,,"0.0",",,N,0700","0.0",",,N,0700",,,,,"13.9",",,H","5.6",",,H","5.6",",,H,",,,,,,,,,,
"USC00231801","COLUMBIA U OF M, MO US","38.94243","-92.32044","234.7","2024-10-16","0.0","T,,N,0700",,,,,"0.0",",,N,0700","0.0",",,N,0700",,,,,"16.7",",,H","0.0",",,H","6.7",",,H,",,,,,,,,,,
"USC00231801","COLUMBIA U OF M, MO US","38.94243","-92.32044","234.7","2024-10-17","0.0",",,N,0700",,,,,"0.0",",,N,0700","0.0",",,N,0700",,,,,"20.6",",,H","3.3",",,H","10.6",",,H,",,,,,,,,,,
"USC00231801","COLUMBIA U OF M, MO US","38.94243","-92.32044","234.7","2024-10-18","0.0",",,N,0700",,,,,"0.0",",,N,0700","0.0",",,N,0700",,,,,"22.2",",,H","6.1",",,H","11.7",",,H,",,,,,,,,,,
"USC00231801","COLUMBIA U OF M, MO US","38.94243","-92.32044","234.7","2024-10-19","0.0",",,N,0700",,,,,"0.0",",,N,0700","0.0",",,N,0700",,,,,"23.9",",,H","6.1",",,H","12.2",",,H,",,,,,,,,,,
"USC00231801","COLUMBIA U OF M, MO US","38.94243","-92.32044","234.7","2024-10-20","0.0",",,N,0700",,,,,"0.0",",,N,0700","0.0",",,N,0700",,,,,"26.7",",,H","7.2",",,H","15.6",",,H,",,,,,,,,,,
"USC00231801","COLUMBIA U OF M, MO US","38.94243","-92.32044","234.7","2024-10-21","0.0",",,N,0700",,,,,"0.0",",,N,0700","0.0",",,N,0700",,,,,"27.2",",,H","10.0",",,H","16.7",",,H,",,,,,,,,,,
"USC00231801","COLUMBIA U OF M, MO US","38.94243","-92.32044","234.7","2024-10-22","0.0",",,N,0700",,,,,"0.0",",,N,0700","0.0",",,N,0700",,,,,"30.0",",,H","15.0",",,H","15.0",",,H,",,,,,,,,,,
"USC00231801","COLUMBIA U OF M, MO US","38.94243","-92.32044","234.7","2024-10-23","0.0",",,N,0700",,,,,"0.0",",,N,0700","0.0",",,N,0700",,,,,"21.1",",,H","9.4",",,H","9.4",",,H,",,,,,,,,,,
"USC00231801","COLUMBIA U OF M, MO US","38.94243","-92.32044","234.7","2024-10-24","0.0",",,N,0700",,,,,"0.0",",,N,0700","0.0",",,N,0700",,,,,"23.9",",,H","7.2",",,H","19.4",",,H,",,,,,,,,,,
"USC00231801","COLUMBIA U OF M, MO US","38.94243","-92.32044","234.7","2024-10-25","5.6",",,N,0700",,,,,"0.0",",,N,0700","0.0",",,N,0700",,,,,"21.1",",,H","9.4",",,H","9.4",",,H,",,,,,,,,,,
"USC00231801","COLUMBIA U OF M, MO US","38.94243","-92.32044","234.7","2024-10-26","0.0",",,N,0700",,,,,"0.0",",,N,0700","0.0",",,N,0700",,,,,"17.2",",,H","5.6",",,H","8.9",",,H,",,,,,,,,,,
"USC00231801","COLUMBIA U OF M, MO US","38.94243","-92.32044","234.7","2024-10-27","0.0",",,N,0700",,,,,"0.0",",,N,0700","0.0",",,N,0700",,,,,"21.1",",,H","6.1",",,H","13.3",",,H,",,,,,,,,,,
"USC00231801","COLUMBIA U OF M, MO US","38.94243","-92.32044","234.7","2024-10-28","0.0",",,N,0700",,,,,"0.0",",,N,0700","0.0",",,N,0700",,,,,"28.9",",,H","11.7",",,H","25.0",",,H,",,,,,,,,,,
"USC00231801","COLUMBIA U OF M, MO US","38.94243","-92.32044","234.7","2024-10-29","0.0",",,N,0700",,,,,"0.0",",,N,0700","0.0",",,N,0700",,,,,"27.8",",,H","20.0",",,H","22.8",",,H,",,,,,,,,,,
"USC00231801","COLUMBIA U OF M, MO US","38.94243","-92.32044","234.7","2024-10-30","0.0",",,N,0700",,,,,"0.0",",,N,0700","0.0",",,N,0700",,,,,,,,,,,,,,,,,,,,
"USC00231801","COLUMBIA U OF M, MO US","38.94243","-92.32044","234.7","2024-10-31","34.3",",,N,0700",,,,,"0.0",",,N,0700","0.0",",,N,0700",,,,,"16.7",",,H","6.1",",,H","6.1",",,H,",,,,,,,,,,
"USC00231801","COLUMBIA U OF M, MO US","38.94243","-92.32044","234.7","2024-11-01","0.0","T,,N,0700",,,,,"0.0",",,N,0700","0.0",",,N,0700",,,,,"17.2",",,H","2.8",",,H","8.9",",,H,",,,,,,,,,,
"USC00231801","COLUMBIA U OF M, MO US","38.94243","-92.32044","234.7","2024-11-02","0.0",",,N,0700",,,,,"0.0",",,N,0700","0.0",",,N,0700",,,,,"20.0",",,H","6.7",",,H","16.7",",,H,",,,,,,,,,,
"USC00231801","COLUMBIA U OF M, MO US","38.94243","-92.32044","234.7","2024-11-03","6.4",",,N,0700",,,,,"0.0",",,N,0700","0.0",",,N,0700",,,,,"20.6",",,H","12.8",",,H","16.7",",,H,",,,,,,,,,,
"USC00231801","COLUMBIA U OF M, MO US","38.94243","-92.32044","234.7","2024-11-04","25.4",",,N,0700",,,,,"0.0",",,N,0700","0.0",",,N,0700",,,,,,,,,,,,,,,,,,,,
"USC00231801","COLUMBIA U OF M, MO US","38.94243","-92.32044","234.7","2024-11-05","29.7",",,N,0700",,,,,"0.0",",,N,0700","0.0",",,N,0700",,,,,,,,,,,,,,,,,,,,
